"Hôtellerie: arrivées et nuitées des établissements ouverts selon l'année, le mois, la région touristique et la provenance des hôtes"

"Année";"Mois";"Région touristique";"Suisse Nuitées";"Pays baltes Nuitées";"Allemagne Nuitées";"France Nuitées";"Italie Nuitées";"Autriche Nuitées";"Royaume-Uni Nuitées";"Irlande (Eire) Nuitées";"Pays-Bas Nuitées";"Belgique Nuitées";"Luxembourg Nuitées";"Danemark Nuitées";"Suède Nuitées";"Norvège Nuitées";"Finlande Nuitées";"Espagne Nuitées";"Portugal Nuitées";"Grèce Nuitées";"Turquie Nuitées";"Autres Europe Nuitées";"Liechtenstein Nuitées";"Islande Nuitées";"Pologne Nuitées";"Hongrie Nuitées";"Biélorussie Nuitées";"Bulgarie Nuitées";"Malte Nuitées";"Chypre Nuitées";"Chili Nuitées";"Etats-Unis d'Amérique Nuitées";"Canada Nuitées";"Mexique Nuitées";"Brésil Nuitées";"Argentine Nuitées";"Amérique Centrale, Caraïbes Nuitées";"Autres Amérique du Sud Nuitées";"Autres Amérique centrale, Caraïbes Nuitées";"Egypte Nuitées";"Autres Afrique du Nord Nuitées";"Afrique du Sud Nuitées";"Autres Afrique Nuitées";"Bahreïn Nuitées";"Israël Nuitées";"Inde Nuitées";"Japon Nuitées";"Autres Asie de l'Est Nuitées";"Qatar Nuitées";"Koweït Nuitées";"Australie Nuitées";"Australie, N.Zélande, Océanie Nuitées";"Chine (sans Hongkong) Nuitées";"Pays du Golfe Nuitées";"Hongkong Nuitées";"Indonésie Nuitées";"République de Corée Nuitées";"Malaisie Nuitées";"Philippines Nuitées";"Nouvelle Zélande, Océanie Nuitées";"Singapour Nuitées";"Oman Nuitées";"Chine (Taiwan) Nuitées";"Thaïlande Nuitées";"Autres Asie de l'Ouest Nuitées";"Estonie Nuitées";"Lettonie Nuitées";"Lituanie Nuitées";"Arabie Saoudite Nuitées";"Emirats Arabes Unis Nuitées";"Serbie et Monténégro Nuitées";"Croatie Nuitées";"Roumanie Nuitées";"Russie Nuitées";"Slovaquie Nuitées";"Slovénie Nuitées";"République tchèque Nuitées";"Ukraine Nuitées";"Serbie Nuitées"
"2005";"Janvier";"Suisse";1217404;2632;493726;83550;97797;23516;165216;5774;74348;86996;13204;8691;13940;5617;5546;20773;5772;10378;11331;13678;1734;826;5841;3622;899;1780;...;...;474;84355;9600;...;9232;1924;4945;3155;...;2922;5844;7523;4562;...;8647;5634;14204;5949;...;...;...;17255;7612;12946;1533;1291;8066;1280;609;...;2256;...;2969;3804;3246;...;...;...;...;...;1771;1544;3636;54434;1827;1799;4221;4456;...
"2005";"Février";"Suisse";1399164;2519;470854;164870;85819;24047;229330;5729;122724;99649;25792;13431;24169;9798;7470;20483;6582;5991;6106;13146;1819;919;8399;3747;1128;2097;...;...;562;83848;11517;...;6900;1631;4255;2530;...;2308;6985;4204;6596;...;8065;7029;17231;5240;...;...;...;9023;9078;7387;3849;883;6485;2310;402;...;2610;...;3610;3874;2944;...;...;...;...;...;2273;1716;2624;22698;1625;1583;5540;2549;...
"2005";"Mars";"Suisse";1371627;2880;713102;119484;102644;31087;221592;5560;89567;112317;10844;10247;27453;8489;7106;29846;8524;7255;5495;14952;2398;946;6621;4981;1336;2151;...;...;573;103595;16049;...;6461;1873;5803;3305;...;2239;5315;5564;7388;...;10942;9762;21170;6321;...;...;...;10625;8154;8260;3812;1415;6360;7361;717;...;2826;...;3451;6475;3068;...;...;...;...;...;2349;2353;3712;29862;2064;1798;5910;3299;...
"2005";"Avril";"Suisse";904378;2301;330117;75676;65568;26900;123997;4020;32363;48637;6054;7361;13935;4421;5168;21425;7000;6154;6287;11715;1642;701;6718;3752;927;2745;...;...;731;100865;12570;...;7807;2110;7529;4183;...;2484;5198;5609;7583;...;10309;17376;28886;7867;...;...;...;12464;14475;10580;6739;1800;8711;4941;1048;...;4571;...;4949;15491;4495;...;...;...;...;...;2455;2020;3220;18114;1844;1566;3842;3071;...
"2005";"Mai";"Suisse";938226;2342;391574;68354;50832;25672;119814;4356;44783;20192;5859;7342;10191;4207;4564;22074;5885;5529;5303;13996;2148;697;6271;4593;524;2440;...;...;912;127038;15569;...;7947;2041;6751;3992;...;2255;5366;4468;9160;...;8010;53889;35435;7196;...;...;...;17801;18355;10450;2836;1421;14233;3038;1108;...;4327;...;6676;8141;4246;...;...;...;...;...;2227;1852;3373;17057;1770;1609;5043;2590;...
"2005";"Juin";"Suisse";1182258;2423;468548;88816;68073;30938;204369;5195;75308;52022;6934;10189;13247;5836;5327;29279;7141;8681;5593;18542;1661;1345;6753;5560;495;2906;...;...;1372;195684;18047;...;10193;3162;10700;6240;...;3403;6610;6178;11095;...;10575;47431;93808;11242;...;...;...;23733;17502;14355;4558;2748;13273;4483;1260;...;7147;...;7073;6291;5682;...;...;...;...;...;2277;2079;4989;16474;2280;1775;5718;2960;...
"2005";"Juillet";"Suisse";1640837;2804;548849;136669;97855;34303;221305;6976;114507;122101;8767;15550;15266;9769;6260;39113;7723;9390;5461;20520;2777;1538;7051;6572;1244;3656;...;...;946;207033;19646;...;10787;2512;8938;5691;...;4191;7865;6318;8913;...;21186;31646;144999;11010;...;...;...;22740;19628;51119;5937;2876;23824;2570;964;...;3936;...;8075;5218;5598;...;...;...;...;...;2392;1886;5433;21193;2272;1643;6513;3634;...
"2005";"Août";"Suisse";1563233;3483;678792;164032;175216;40482;229445;6265;110832;117775;14427;10353;9765;4947;4443;62404;7842;11785;4275;26456;2406;1503;6439;6456;800;2402;...;...;790;153402;16253;...;7109;2373;6091;4821;...;3502;9498;4657;6964;...;34279;26294;92105;10123;...;...;...;17827;17882;91895;4844;1341;19156;2093;792;...;2421;...;6389;3016;8959;...;...;...;...;...;2077;1386;6902;22511;2180;1571;7948;3207;...
"2005";"Septembre";"Suisse";1456629;3051;550539;87155;65351;33625;179658;5205;58495;38047;7915;11044;13760;6183;5798;29415;6592;5206;4778;16979;1956;890;6515;5792;532;3314;...;...;948;173676;22431;...;10338;2686;8257;5258;...;2938;8300;5956;10342;...;17276;16561;69324;8944;...;...;...;24131;18063;21357;4379;2109;9506;2575;1067;...;3520;...;7094;4667;4768;...;...;...;...;...;2104;1780;5366;15151;2112;1403;6471;2834;...
"2005";"Octobre";"Suisse";1276816;3900;359334;79651;67961;23523;90358;3783;34107;18525;3465;7072;10942;7108;5261;25856;6595;7026;4700;15193;1824;718;5819;4600;506;2724;...;...;1025;115536;16301;...;11008;2433;7372;4998;...;1858;4725;5574;9612;...;9379;14304;38030;9380;...;...;...;16609;17161;7307;3348;1591;12850;2578;1070;...;3842;...;5069;6952;4543;...;...;...;...;...;2407;1883;4517;16603;1816;1389;4616;2846;...
"2005";"Novembre";"Suisse";745936;2284;203573;65793;50175;20220;80207;5176;20972;14954;2438;5730;9081;3506;3992;20237;5325;5423;7118;11789;1357;799;5590;4218;542;2381;...;...;554;73028;10667;...;7551;1644;5919;3164;...;2603;5700;3769;7562;...;6705;10573;15437;6818;...;...;...;8095;12423;8483;2887;2569;7166;3338;1101;...;4339;...;3952;3121;3248;...;...;...;...;...;2068;1917;3572;17544;1990;1428;3868;3397;...
"2005";"Décembre";"Suisse";925912;2252;354687;91569;83988;17067;159276;6273;50883;44472;9347;5020;8605;3164;4299;27340;6065;16476;3896;11499;1482;820;5467;2904;504;2060;...;...;433;76150;9552;...;7344;1106;5503;3388;...;1967;6012;6501;6481;...;8657;8571;14294;5691;...;...;...;14656;11460;8042;3321;2003;5980;3019;680;...;5947;...;3208;3719;3818;...;...;...;...;...;2312;1973;3732;24681;1822;1374;3656;3566;...
"2006";"Janvier";"Suisse";1242728;2978;478246;90025;98574;23666;188256;7676;73139;76514;15016;9607;16448;6511;5586;24011;5633;12280;15312;14383;1679;1021;7510;3884;1016;2040;...;...;623;85439;13096;...;10407;1636;4468;2945;...;2581;5094;7560;6330;...;10983;7370;14990;5556;...;...;...;17937;7776;11377;3211;1142;7638;1957;613;...;2168;...;2549;2585;4193;...;...;...;...;...;2137;3083;4932;67449;2142;1869;4255;6669;...
"2006";"Février";"Suisse";1388179;3618;485262;178262;84998;25191;266681;8752;134219;88502;19850;14855;28434;12915;8538;23857;7382;5534;4719;19259;2133;1138;10939;5063;912;2294;...;...;722;90776;13030;...;9018;2203;5608;3525;...;1675;5076;5239;7460;...;8985;7298;17852;5626;...;...;...;10371;10642;11343;3172;933;6789;1644;624;...;2354;...;2404;4800;3707;...;...;...;...;...;2026;2553;4575;25083;1980;1618;6185;3382;...
"2006";"Mars";"Suisse";1376677;3219;600388;116480;99629;32164;214965;7691;91733;83552;16853;11552;31235;11172;7906;28242;9804;8987;6630;21242;2753;833;9856;5261;1132;3047;...;...;674;124535;21164;...;8438;2257;7328;3692;...;2694;6766;7728;8733;...;13069;10069;24354;6470;...;...;...;11054;9980;9953;5098;1736;6447;2940;998;...;3659;...;4024;6515;4651;...;...;...;...;...;2299;2190;4906;35455;2576;1897;6811;4335;...
"2006";"Avril";"Suisse";1028097;3036;459049;87644;75544;28107;160608;5644;33159;77216;7544;7093;14831;6526;5757;31625;8883;7868;4873;16591;1791;800;7596;4556;715;3113;...;...;616;100888;14320;...;9033;2288;8337;3481;...;2526;5669;5544;8374;...;11924;23051;26157;7212;...;...;...;12231;18438;11660;6893;2130;10834;3764;1044;...;4148;...;4136;13634;5113;...;...;...;...;...;2073;1732;4056;21458;2498;1522;4061;2901;...
"2006";"Mai";"Suisse";998946;2736;392032;78193;54884;26773;132038;6195;46153;21579;5015;9186;12581;4823;5703;25257;7349;7201;6698;19388;1898;1233;7988;4806;682;3269;...;...;1059;152962;19810;...;14034;3205;10132;4547;...;2666;7691;7036;9637;...;8453;63856;40399;10139;...;...;...;18191;19436;14021;4494;1984;12803;3778;1159;...;4737;...;6274;9583;5505;...;...;...;...;...;2438;2498;5327;20533;2143;1650;5676;3817;...
"2006";"Juin";"Suisse";1275639;3367;505641;90369;73029;33810;210031;7215;69499;50022;8991;10262;12671;6258;7181;30200;7344;6794;5689;20453;2108;1528;6902;6760;835;2534;...;...;1105;216635;19915;...;11743;3713;12956;6122;...;3084;7145;6584;12267;...;10388;51080;89307;10069;...;...;...;24358;23699;17815;4877;2556;11103;4481;1221;...;6059;...;7206;5086;5728;...;...;...;...;...;2200;2455;5238;19389;1880;1646;7705;4103;...
"2006";"Juillet";"Suisse";1709245;4656;561254;124030;100510;36549;235084;8130;118409;127090;8620;18560;15592;11406;9845;43008;8254;10940;5003;22103;2910;1462;8359;8212;1158;4404;...;...;1160;235905;21354;...;12945;2529;11960;5434;...;4232;6410;6490;7743;...;23715;35451;149474;11633;...;...;...;22638;21649;64588;5763;2398;22991;2928;974;...;3562;...;7817;3382;8152;...;...;...;...;...;2214;2051;7098;23171;2408;1451;9177;4230;...
"2006";"Août";"Suisse";1570601;5886;673836;157676;176801;42523;245973;8008;111422;113897;13609;11164;10557;6051;4412;70372;8385;14700;4582;30540;2353;1875;9838;8915;1065;2860;...;...;936;170949;18060;...;9808;3119;8354;4859;...;4408;7499;6081;7758;...;34354;27902;97961;9178;...;...;...;19270;21921;105287;4879;1443;19237;1971;774;...;3199;...;7326;2938;8726;...;...;...;...;...;2042;2097;8153;24401;2801;1973;9317;3729;...
"2006";"Septembre";"Suisse";1543026;3189;610519;93533;72059;39592;192679;7790;69248;45179;8617;10598;16304;8427;8013;35785;7490;6583;5483;25577;2210;1711;9579;5995;511;3460;...;...;1562;191105;24209;...;11927;3691;10625;6203;...;3233;6886;6746;9367;...;15561;21409;63566;9756;...;...;...;26490;20400;19018;4321;2223;11369;2752;1030;...;3900;...;5686;4458;5833;...;...;...;...;...;2422;2318;5944;19257;2715;2092;7307;3492;...
"2006";"Octobre";"Suisse";1342233;4128;391544;82714;63449;27649;104339;6251;38651;19851;4079;8565;12626;7640;5841;30674;7782;6760;6771;17199;2075;959;7316;4997;525;2623;...;...;1127;132128;17219;...;12077;3480;9559;4954;...;2411;4770;4988;10318;...;12556;17015;37552;10730;...;...;...;17666;21211;8076;4051;3438;12245;2908;1041;...;5169;...;6395;7210;5385;...;...;...;...;...;2585;2481;5582;20819;2359;1839;5216;3497;...
"2006";"Novembre";"Suisse";777311;2303;222984;73351;58144;21166;74975;5385;22343;15701;2772;6696;9268;4209;4280;23583;6500;5679;4690;14341;1915;878;6704;4367;472;2815;...;...;780;73967;11442;...;9436;1784;6682;3629;...;2877;6659;4990;9101;...;6187;11091;17589;6763;...;...;...;8909;15395;8881;2838;2121;7669;2816;1068;...;4722;...;3139;3343;3705;...;...;...;...;...;2871;2455;6232;19875;1905;1417;4568;3064;...
"2006";"Décembre";"Suisse";951295;2642;376341;97594;99597;18665;176695;7164;63297;48537;10795;6645;10597;3972;4702;36846;7303;23532;5335;16517;1516;990;7764;3384;1828;2464;...;...;700;83775;11501;...;8914;1216;5966;3701;...;2049;5326;9878;5701;...;9809;8798;15750;5596;...;...;...;17073;14808;9409;3524;2358;7164;3694;707;...;8058;...;2278;3635;4006;...;...;...;...;...;1902;2322;6090;31028;1648;1280;4317;4715;...
"2007";"Janvier";"Suisse";1207197;4303;489760;100179;95747;26970;189990;10252;75579;77316;16100;11052;16631;6118;5793;26016;6812;12985;9356;21026;1548;1167;9997;4253;1518;2395;...;...;731;90505;13088;...;12493;2246;5721;3742;...;2474;4378;9350;6544;...;9600;7188;14516;6778;...;...;...;20805;9808;10661;2152;1556;9456;1554;661;...;2668;...;1763;2300;4524;...;...;...;...;...;1658;3019;5630;89831;2141;1747;4382;9701;...
"2007";"Février";"Suisse";1388934;3137;518827;158705;89002;27906;267182;10580;137829;97650;24935;14921;32171;12262;10979;26974;10001;7827;8502;19119;1978;1744;12696;4310;1470;2550;...;...;864;93113;13222;...;9029;1837;5629;2939;...;2519;5475;4888;7221;...;10035;8994;16506;6031;...;...;...;10091;12674;12030;3821;1068;6651;2157;775;...;3739;...;3150;2655;3978;...;...;...;...;...;1919;3779;4372;30772;2406;1749;6781;4881;...
"2007";"Mars";"Suisse";1396691;5209;605993;141978;101448;37408;228765;9813;93423;84947;9335;12835;36288;11923;9373;31707;11481;9312;6758;22901;2419;1098;13790;6030;1157;4802;...;...;864;118881;19841;...;9512;2196;6730;4278;...;3411;6388;7422;9665;...;14796;13261;22670;7601;...;...;...;11130;11962;11435;2952;2166;8004;3002;1122;...;3905;...;2721;14579;4891;...;...;...;...;...;2838;2647;7246;43948;3349;2374;9286;5113;...
"2007";"Avril";"Suisse";1042633;3817;471943;97746;89005;26436;166947;6241;37390;80196;8020;7703;14939;5828;6153;38113;9820;8055;6035;17156;1952;1067;8916;4433;838;3297;...;...;878;107137;14489;...;10012;1999;8330;5291;...;2765;4516;6442;8165;...;12677;27008;28460;8869;...;...;...;14040;22012;13570;8620;1970;12167;3200;1290;...;5705;...;4700;12402;5584;...;...;...;...;...;2087;1977;6135;26744;2451;1595;5239;4150;...
"2007";"Mai";"Suisse";998487;4503;411964;84259;59398;29188;143479;6381;48040;23866;6387;8688;11524;5340;5921;26705;7269;5797;5063;18699;1591;1016;10056;5523;601;3460;...;...;1107;146318;19274;...;12249;2918;9047;4857;...;2624;5988;5556;11343;...;9521;73248;35306;10993;...;...;...;23966;21321;11877;4446;1729;15134;3295;1408;...;5243;...;5547;7801;5557;...;...;...;...;...;2282;2483;6133;27349;2183;2144;6806;3874;...
"2007";"Juin";"Suisse";1294785;4274;558396;100928;76604;37143;223761;7783;79368;56051;7494;10753;13289;7255;6990;34723;9165;7069;6116;21430;2283;1487;9056;8490;863;3206;...;...;1508;221012;23162;...;13679;4696;12789;6193;...;3526;7493;7923;13279;...;13436;56350;94077;11586;...;...;...;29216;23819;19004;5581;3068;14164;4636;1518;...;7513;...;6410;4600;8059;...;...;...;...;...;2145;2537;7253;23280;2408;2690;7979;4248;...
"2007";"Juillet";"Suisse";1714431;5571;624811;143730;108360;44222;233041;10274;139433;124642;8550;19299;17815;11422;8272;48687;9053;13289;6064;25585;2796;1656;11420;11471;1467;3427;...;...;1531;233356;25167;...;14271;3092;11584;6629;...;4750;8106;6822;7400;...;23386;40372;136596;13947;...;...;...;31649;25518;71668;6595;2164;29134;3272;992;...;4310;...;7504;4108;7098;...;...;...;...;...;2242;2173;8701;28104;3832;2064;10281;4457;...
"2007";"Août";"Suisse";1599680;5746;708886;168617;187634;45852;248838;8166;126086;111264;14395;11627;11727;5347;5166;83017;11085;15693;4803;29482;2682;2055;9627;10727;919;3181;...;...;884;165988;18666;...;9835;3318;7828;4741;...;5332;8198;5434;8160;...;31299;33552;86037;10026;...;...;...;23553;24649;138250;5240;1320;19156;2681;892;...;4251;...;5306;3069;7898;...;...;...;...;...;1968;1921;10442;28537;3226;2708;10506;3814;...
"2007";"Septembre";"Suisse";1545759;4982;634165;101662;77167;39459;189172;7804;73115;51603;8757;12631;16324;8930;6481;39560;9095;7272;6153;25404;2322;1237;9785;6753;574;3313;...;...;1269;191306;23946;...;14173;3641;9690;5813;...;3576;4822;6605;10129;...;16275;26519;53451;9518;...;...;...;31800;22696;17593;4166;1898;13849;3429;1497;...;4859;...;5704;4593;5161;...;...;...;...;...;2223;2600;7426;21250;3334;2221;8236;3123;...
"2007";"Octobre";"Suisse";1402148;4015;399946;86277;68637;30199;117161;7531;40092;22916;4781;8798;14890;7681;6528;30743;9365;7663;6589;23052;2551;1037;8485;6292;772;3255;...;...;1039;133884;18498;...;14609;2971;8843;6318;...;2990;4915;5890;11435;...;10736;22514;32379;11585;...;...;...;24570;20979;14359;4124;3864;12555;3391;1162;...;4777;...;5555;7557;5206;...;...;...;...;...;2483;2507;5983;21400;3351;1632;5474;4010;...
"2007";"Novembre";"Suisse";839638;3479;237162;80039;71697;22315;79827;6145;23524;17495;2837;6586;10661;5852;5162;25636;8054;6578;5927;14609;1967;766;8237;5979;691;3132;...;...;573;81081;13931;...;11621;2049;7249;4442;...;3832;5847;4006;10297;...;6939;15834;19181;8269;...;...;...;12135;17374;15403;2981;2076;11327;4193;1280;...;5673;...;4430;3835;6010;...;...;...;...;...;2605;2581;6288;22410;2458;1704;5112;4113;...
"2007";"Décembre";"Suisse";1016682;3637;420067;103337;108927;19726;187732;9665;74132;50862;12153;8572;10470;5199;5777;36367;8079;26462;6916;17484;1817;1366;8221;4126;1083;2469;...;...;498;82348;11780;...;11338;1440;5576;3326;...;2061;4312;7682;6864;...;9190;12126;15682;6234;...;...;...;19930;17368;14235;4092;3966;9319;4909;872;...;9580;...;3150;4455;3744;...;...;...;...;...;2273;2404;8117;35879;2326;1292;5803;5170;...
"2008";"Janvier";"Suisse";1306384;4212;518442;105561;95635;28874;205990;9740;82115;73584;13784;11099;20082;7420;6570;29931;7512;12583;11329;19192;1953;1136;12301;4847;1893;2849;...;...;851;93926;14434;...;16603;2502;6211;3715;...;2280;4361;13112;7011;...;10581;8456;14553;6825;...;...;...;24112;10822;13174;2399;1077;11962;3315;1121;...;4167;...;2076;2685;3751;...;...;...;...;...;2336;2646;7577;107202;2269;1819;5078;12896;...
"2008";"Février";"Suisse";1533151;3812;561972;173086;99432;30236;291428;11765;162508;105245;26400;19424;36670;14892;12038;29637;11999;7728;10857;19676;2523;1770;14504;4898;957;3219;...;...;859;89128;13718;...;11656;1923;5946;3718;...;2892;4953;5250;8227;...;11881;11861;15719;7583;...;...;...;11713;15142;15011;5617;1628;8923;2473;974;...;4469;...;2787;3520;4071;...;...;...;...;...;2156;2512;7010;38736;3217;2494;6987;4731;...
"2008";"Mars";"Suisse";1398586;6782;776816;144556;110916;37160;272989;11905;90143;128746;15269;14816;39805;12407;9998;42241;12158;9444;6791;21073;2838;1332;13756;6078;1222;3554;...;...;851;111432;18720;...;10765;2018;7428;3504;...;2614;5327;6986;9247;...;13418;16235;19864;6891;...;...;...;12522;12926;15068;3891;1744;7689;3767;856;...;6353;...;3449;7365;3567;...;...;...;...;...;2754;2649;6219;47135;3405;1887;12142;6056;...
"2008";"Avril";"Suisse";998594;4221;356097;97383;84114;30954;153735;5421;45461;44567;5085;9527;17019;6938;6601;28062;8218;10719;7890;19285;1918;986;10850;5184;701;3650;...;...;905;112033;16096;...;12085;2730;7046;4696;...;3388;5147;5366;7611;...;11600;27790;27519;10387;...;...;...;15751;23417;19218;6749;2340;10739;3613;1455;...;7616;...;4316;15072;4287;...;...;...;...;...;2574;2588;6135;30902;2891;1769;6077;4482;...
"2008";"Mai";"Suisse";1109637;3627;474477;95848;71563;36002;155194;6905;60573;26281;6695;9398;14615;6055;6681;31700;10061;9125;6662;21093;2178;1450;10824;7505;930;4054;...;...;1277;141612;20945;...;16567;3073;7360;4651;...;3610;5229;7165;9996;...;8729;72998;36304;10909;...;...;...;25241;21934;18715;4685;2350;14562;4239;1405;...;8798;...;5397;10143;4475;...;...;...;...;...;2623;2447;6447;28244;2441;3082;8463;4784;...
"2008";"Juin";"Suisse";1229227;4222;521522;111584;91437;44527;196254;7243;120856;55846;7306;9679;15178;8813;8198;31127;20212;7172;19907;24286;2460;1940;9597;7657;550;3281;...;...;1392;183970;20803;...;13239;2963;10721;6278;...;3608;5775;6993;11330;...;11461;48167;72623;10567;...;...;...;30698;20563;23619;4884;2965;12699;3394;1199;...;9141;...;4698;5772;4330;...;...;...;...;...;2354;2563;28493;26553;2903;2301;14048;3990;...
"2008";"Juillet";"Suisse";1782276;5883;661864;148291;106174;44122;241877;9486;158899;125884;10354;19805;20105;11732;10446;55135;10015;10695;5880;30066;3494;1787;13361;10540;1189;4558;...;...;1465;206326;24324;...;16115;3223;11420;6580;...;5584;6508;8095;10914;...;25560;39003;122870;12136;...;...;...;29950;22176;91455;6128;2479;20686;3137;1115;...;7101;...;6642;5531;7769;...;...;...;...;...;2365;2488;11757;33124;3483;2070;11523;5319;...
"2008";"Août";"Suisse";1711678;6238;729225;181255;185886;49305;239114;8251;135170;112972;15724;13146;11720;6457;6541;84460;11380;15705;5046;31966;3793;2105;11551;12869;1393;3743;...;...;1045;150032;19452;...;11486;3407;7271;5981;...;5478;7606;5869;10955;...;32991;35469;75978;11771;...;...;...;23341;19213;143652;4378;1451;15698;2522;931;...;5065;...;4838;5065;8034;...;...;...;...;...;2087;3397;13691;33435;3583;2559;13110;5989;...
"2008";"Septembre";"Suisse";1563016;5791;623096;105275;74387;39977;192735;7908;74803;47257;9053;13209;16004;8844;8109;40457;10062;6999;6416;22772;3202;1686;10872;7430;1123;3876;...;...;1109;164172;23838;...;15243;3190;8107;5261;...;2373;4747;6507;11241;...;17142;25799;46974;8579;...;...;...;31966;21158;11861;3620;2034;10081;3217;1139;...;7173;...;4540;5418;4837;...;...;...;...;...;2793;2558;7748;26913;2960;2466;8688;4196;...
"2008";"Octobre";"Suisse";1351492;2575;415698;95752;69078;29780;101552;6523;40875;25038;4082;8919;12943;8215;7468;32802;8325;8060;6931;16805;2416;791;8317;6244;737;3132;...;...;1045;117817;18258;...;14387;2809;7622;5446;...;3540;5461;4870;10936;...;11471;20639;30601;10284;...;...;...;20932;19242;20421;3131;3774;11815;3538;1544;...;7525;...;4582;7419;4551;...;...;...;...;...;2151;2577;6146;23947;2269;2019;5746;5135;...
"2008";"Novembre";"Suisse";801042;2259;229256;75328;62202;22391;69671;4969;22790;16712;3495;6774;9757;4451;4718;24165;8518;6104;6093;14029;1481;599;8043;4427;630;2742;...;...;815;73366;11725;...;9970;2071;5925;3638;...;2752;5443;3584;11094;...;6967;11661;16306;6605;...;...;...;9663;14733;13186;2076;1568;6182;3258;1474;...;7390;...;2235;4180;4102;...;...;...;...;...;2192;2467;5631;24403;2112;1275;4553;4350;...
"2008";"Décembre";"Suisse";1040390;3667;444775;105239;107078;19449;161162;7155;86647;67062;13345;7101;12020;4564;5936;32415;9259;24231;6556;17981;1698;804;10262;3986;1536;2776;...;...;719;74562;11090;...;10942;1220;4935;3372;...;2410;4370;6489;6833;...;8655;9222;14590;5866;...;...;...;19777;13023;18210;3519;2369;6340;4235;852;...;13584;...;2578;4030;4524;...;...;...;...;...;2123;2741;7497;36401;2101;1476;6034;5218;...
"2009";"Janvier";"Suisse";1276705;4079;521781;102699;97139;23659;171231;8155;75462;64809;13827;10674;19561;6316;6075;28248;7922;13140;8849;17923;1735;550;13223;4110;1371;3102;...;...;1502;75268;12796;...;14207;2167;5379;3251;...;1983;3607;7317;7253;...;8639;8418;15973;6379;...;...;...;19345;18011;12468;5237;876;6396;2540;865;...;6113;...;2698;3010;3817;...;...;...;...;...;1854;3269;6105;103137;1936;1991;5036;11592;...
"2009";"Février";"Suisse";1407631;2858;516263;170278;89400;26727;229713;8639;157531;99303;27621;18325;34004;11844;12132;26247;10277;7317;7843;17847;2168;1413;13129;4703;1179;3306;...;...;667;71158;11323;...;9815;1982;4590;3228;...;2294;3952;3590;8395;...;10441;9512;14260;5990;...;...;...;10324;12502;15513;2475;751;5394;2147;910;...;5393;...;1419;3966;3680;...;...;...;...;...;2073;2238;5506;34382;2617;1874;6864;4747;...
"2009";"Mars";"Suisse";1327000;4228;583067;134382;99598;36342;189911;6820;81057;67900;8574;12745;30061;12915;9013;31477;10552;10702;6846;18535;2211;977;15586;5273;1189;3070;...;...;834;95864;15904;...;9353;2370;6260;4141;...;3182;5750;5190;11366;...;13701;14019;20779;7625;...;...;...;10498;19094;18144;6242;2425;6844;2979;915;...;8198;...;2282;6874;4234;...;...;...;...;...;2236;2401;5241;44689;3059;2155;12167;5555;...
"2009";"Avril";"Suisse";1001664;5435;477171;95303;74368;30322;142392;6955;43262;77257;9461;9298;16557;6537;10771;31786;8931;9210;5213;13869;1760;820;7436;8153;2563;2554;...;...;577;83026;14094;...;10896;2410;6019;3956;...;2621;3800;5266;7152;...;11237;23591;16976;6291;...;...;...;12437;21177;16950;4848;2004;8288;2878;1543;...;6741;...;3584;14007;3371;...;...;...;...;...;2090;2057;4626;24441;3396;1992;7877;3466;...
"2009";"Mai";"Suisse";1035632;3338;408734;93614;70262;33570;109415;5748;51961;25165;6438;9206;13385;5436;9441;27432;7982;7145;5625;16079;2396;983;8019;6735;755;3447;...;...;952;120621;21378;...;11369;2942;6109;3727;...;2566;4408;4105;10900;...;8056;66768;28287;7876;...;...;...;18308;24363;17064;5079;2629;9350;3265;1564;...;7881;...;4988;7369;3903;...;...;...;...;...;2036;2312;5189;37506;3343;1868;8520;4439;...
"2009";"Juin";"Suisse";1227721;2699;525388;104819;77353;41344;166899;6770;85748;53501;7562;9112;13555;6716;8877;34619;9556;7499;6423;17451;2402;1038;10156;7284;864;3413;...;...;1271;183262;23047;...;13336;3788;9344;6603;...;3394;5334;5771;14755;...;13210;57183;66103;10373;...;...;...;25471;21211;25799;5785;3598;9481;3255;1792;...;11716;...;4145;5090;5182;...;...;...;...;...;1844;3304;6148;25882;2630;2048;9623;4287;...
"2009";"Juillet";"Suisse";1733205;4356;617009;150950;109155;43934;195419;7450;154235;121344;10495;18991;17528;11584;9833;51155;8450;10878;5086;20938;2964;809;11021;10762;1790;4597;...;...;1306;188933;23554;...;14898;3381;8157;5221;...;5467;5614;5165;10784;...;22683;39245;110270;11727;...;...;...;26638;24304;105632;6859;4410;15120;2169;1155;...;7235;...;5307;4848;6935;...;...;...;...;...;1754;2096;9057;34211;3255;1952;11658;5432;...
"2009";"Août";"Suisse";1684221;4628;732310;186776;190533;52435;188087;7657;149871;109056;17092;12570;12387;6305;7608;81898;10135;16842;5321;24863;3292;2006;11352;11918;2030;3653;...;...;907;142391;19039;...;10636;2713;5572;4486;...;3708;4539;4079;8987;...;33814;32784;81837;9727;...;...;...;19953;26038;88126;5995;1554;14425;1531;922;...;6115;...;5111;3675;5841;...;...;...;...;...;2135;2773;11653;35747;3308;2561;13671;5749;...
"2009";"Septembre";"Suisse";1571127;3348;613910;110374;77461;42776;160606;6899;74146;51211;9400;11670;16093;9345;6616;46315;8849;8497;6428;18655;2159;1001;11323;8035;1154;3124;...;...;1245;164042;24649;...;14940;3386;7750;5579;...;2986;3306;5382;10410;...;14434;27531;59562;8733;...;...;...;27361;29401;18577;5359;5438;9059;3219;1365;...;8242;...;5156;5561;5266;...;...;...;...;...;2297;2492;6342;26558;2671;2429;9719;4675;...
"2009";"Octobre";"Suisse";1345400;2882;395043;91281;71287;28878;88895;5546;41624;18394;4419;7729;12635;7012;5938;30923;7510;7171;6182;14085;2018;1009;8815;6192;660;2326;...;...;1275;107672;18231;...;14885;3096;6941;4635;...;3717;4530;4275;11743;...;11618;20589;31338;8892;...;...;...;19110;35932;22232;5978;1688;9206;3442;1355;...;8526;...;4222;9235;5889;...;...;...;...;...;1957;2522;6103;26262;2632;2456;5732;3975;...
"2009";"Novembre";"Suisse";781712;2406;222213;78222;64089;23576;70470;4295;22945;18776;3847;6308;8570;4780;4428;24662;7547;7042;7416;10313;1484;557;8864;5077;620;2772;...;...;789;75291;11507;...;9889;1878;5824;3323;...;3150;4010;3501;10081;...;6128;13436;15495;7072;...;...;...;9306;21207;17112;3100;1904;6413;3047;1525;...;9911;...;2362;3576;4299;...;...;...;...;...;2237;2221;6001;24075;2306;1481;5316;4437;...
"2009";"Décembre";"Suisse";1032450;3388;418436;114754;116943;20308;143182;7362;88466;68374;15507;8069;11158;4480;5746;32419;7089;20513;5737;14886;1503;820;15622;4171;803;2377;...;...;738;75328;11831;...;10753;1460;5054;4187;...;2890;3624;6908;7739;...;7838;11204;13840;6539;...;...;...;18569;18477;17120;4549;5269;6724;4876;966;...;20189;...;2303;6067;4326;...;...;...;...;...;1874;1914;6851;37635;2280;1510;5699;5690;...
"2010";"Janvier";"Suisse";1251024;...;506452;102152;100277;26608;156622;6434;63286;59209;14069;11543;16876;7240;7389;28980;7298;14727;10593;15453;1949;610;14700;4457;1932;2510;129;524;1224;78754;12903;...;16370;2124;5187;3917;...;2372;3066;6664;6426;...;9573;8409;14334;6746;...;...;17239;...;15681;14868;3448;1251;8070;1971;745;3325;6220;...;2111;3424;4989;3108;873;703;...;...;...;2615;6456;94443;1921;2180;5700;10327;2083
"2010";"Février";"Suisse";1489928;...;504592;168565;88531;28397;216190;6743;149995;101320;26726;17018;24597;14755;11172;26220;9270;7744;9297;12743;2076;1045;15121;4536;2678;3112;855;747;633;75622;13176;...;11592;1771;5095;2681;...;2538;3891;3921;8086;...;10119;8208;14424;5387;...;...;8337;...;22498;16549;5581;998;5834;2377;762;1867;4542;...;2507;2449;3681;2287;872;951;...;...;...;2376;6520;36413;2545;1891;7449;4800;1863
"2010";"Mars";"Suisse";1377560;...;631805;139987;94640;39698;193963;8029;77737;75035;11307;13972;36783;13268;11698;36115;10195;10646;7454;14946;1920;791;18360;6209;1489;3133;1030;681;600;103073;18375;...;10528;2369;6613;4832;...;2703;4208;5655;9327;...;12778;13536;21258;8270;...;...;9526;...;24405;16183;7517;2706;8172;3190;1342;1826;9026;...;3492;7367;5323;1204;1587;1285;...;...;...;2777;7483;46183;3462;2398;12370;6552;1937
"2010";"Avril";"Suisse";1041679;...;415088;99869;72795;26105;130281;4220;41104;78886;8055;7601;14290;5675;6639;28878;8372;8465;6647;12846;1658;714;9730;5514;675;2831;836;469;571;82202;14461;...;12766;2082;6390;3557;...;2519;3495;3918;7462;...;8021;26025;15675;6048;...;...;12578;...;25576;17177;4133;2262;9562;3228;2507;1989;4871;...;4533;16244;4219;915;889;665;...;...;...;1941;5491;25339;2092;2026;7681;3997;2042
"2010";"Mai";"Suisse";1055911;...;403335;94069;63000;34560;111535;4935;63430;24107;7357;8637;12190;6486;6482;30553;8472;7072;6354;13081;2168;898;9159;6946;1048;3269;1732;531;1354;134697;19892;...;15065;3061;6828;4279;...;2511;4411;5658;10344;...;8807;82108;30902;9846;...;...;20607;...;32127;18683;5470;2731;13536;4390;1922;3119;8833;...;5314;9929;4308;1098;801;975;...;...;...;1975;6118;29417;2079;2101;7077;4928;2744
"2010";"Juin";"Suisse";1281536;...;511214;109871;78814;41044;179698;6333;82856;52567;7069;12972;13408;7764;8932;39747;9733;8298;7859;16298;2349;1387;11398;9415;1095;3402;1109;583;1450;203960;27008;...;15244;3761;11101;6926;...;3729;3967;6561;14589;...;12925;73293;85379;11188;...;...;26451;...;41245;33672;7372;5714;13555;5130;1978;5140;12582;...;6376;6663;6035;834;1015;1208;...;...;...;2450;7242;29736;2395;2832;8582;4813;2068
"2010";"Juillet";"Suisse";1786678;...;597092;149877;107413;45477;201527;7850;160392;121701;10936;19463;17297;15958;10671;53727;10997;9708;6134;17352;3161;760;12309;12145;1700;4633;1674;1585;1289;205179;26490;...;16374;3294;11455;5576;...;5355;4799;5608;10450;...;21045;48175;126847;14583;...;...;29306;...;47547;158428;8661;3438;19155;2854;1122;4495;8604;...;6437;6610;8106;3304;993;1632;...;...;...;1942;8387;36752;2628;2483;13852;5984;1979
"2010";"Août";"Suisse";1675779;...;695201;185447;170194;52598;192792;6982;143605;101146;16902;11913;14156;8878;9443;81028;10728;11976;5194;15843;2950;1390;11028;11296;1610;3693;1321;1872;850;160855;20761;...;11644;3338;6721;4781;...;3143;3895;4625;8179;...;30523;40810;88633;9686;...;...;21080;...;51823;56717;8892;1838;17515;2160;932;3775;5207;...;6457;4379;5890;2423;878;1321;...;...;...;1963;10355;42813;4140;2737;13737;5329;1624
"2010";"Septembre";"Suisse";1558102;...;575379;107011;73570;45458;174863;6705;66442;49508;9467;11432;16967;9898;7953;40609;9442;7479;8263;14343;2501;1176;11111;8126;1347;3532;744;600;1270;189730;27939;...;18222;4407;8054;5412;...;4336;4113;6358;9849;...;16181;33962;54023;10704;...;...;29291;...;47134;34514;6527;7667;13359;4336;1888;4084;8233;...;6711;6204;7478;1520;1161;1484;...;...;...;2443;7234;32073;2820;2467;9682;4753;2206
"2010";"Octobre";"Suisse";1369500;...;365742;95995;68027;29431;93383;5128;38559;19581;4735;8631;12484;9610;6909;30644;8092;6709;5856;9638;2227;816;8207;5868;805;2302;587;433;1272;114580;19609;...;17618;3709;7435;5276;...;3383;3837;4135;13653;...;9084;31264;26105;10218;...;...;18253;...;44534;20233;6615;2782;12373;4750;1900;2629;8754;...;5280;11567;5151;1293;845;716;...;...;...;2538;5812;25570;1859;2209;5934;3788;2190
"2010";"Novembre";"Suisse";818343;...;228490;81444;59994;23741;72347;4394;23964;17786;3628;6228;10006;4959;4464;24182;7259;6472;9658;7663;1774;762;8770;4785;1035;2985;448;644;683;79440;12294;...;11424;2301;6042;3664;...;3051;3620;3354;11198;...;7268;15158;16206;7607;...;...;8939;...;29703;18855;4305;2004;7885;4805;1233;1519;8858;...;3247;4625;5434;1513;824;767;...;...;...;1759;5635;28630;2036;1478;5621;5291;1953
"2010";"Décembre";"Suisse";1059264;...;382130;114991;97192;20458;130356;4736;78173;41431;14073;7752;11523;4499;5263;29141;7784;16232;5647;9908;1646;617;13395;4300;1747;2722;1056;953;541;78343;12232;...;11924;1200;4999;4414;...;3161;3325;7221;8908;...;9188;11904;13352;6246;...;...;16081;...;21945;17559;4686;4936;6361;5399;807;1570;18833;...;2510;6390;5017;745;847;1029;...;...;...;1885;6803;40515;1845;1348;6485;5289;2017
"2011";"Janvier";"Suisse";1299990;...;501567;105202;97307;25213;151628;5775;61785;74245;11632;8632;17766;7770;7065;28073;6840;12114;8792;10117;1810;1090;13154;4824;2160;3185;762;838;1264;81807;13410;2141;19608;2453;...;3771;2883;2704;3175;7475;6884;625;9784;9716;14101;7115;1217;843;19878;...;17233;...;3741;2656;9995;1929;744;2444;5403;522;2019;4059;5019;1686;1330;1011;6954;5496;...;3331;6946;97998;2135;1998;6752;10816;2119
"2011";"Février";"Suisse";1397185;...;414600;161543;74879;27353;205462;6460;123242;59317;25361;16807;28316;13776;10985;27199;8037;7447;11726;11098;2154;1398;16487;5779;1385;3073;1739;670;603;82836;16309;2454;9832;2409;...;3259;2709;2211;3849;4823;8585;883;9161;9799;17049;6303;1557;2040;8731;...;24610;...;5942;1552;7304;2487;1088;2603;6917;1260;1881;4034;4237;1864;1428;1365;7709;6428;...;2402;7284;40176;3112;2438;8237;5502;2585
"2011";"Mars";"Suisse";1432555;...;603770;144207;103236;37254;162806;6794;91847;103057;8476;13837;36257;13725;11273;33034;11171;9805;8768;10834;2513;931;16980;5945;1868;3605;1096;889;1093;107250;19549;3243;16370;2804;...;3932;3147;2673;5325;5844;9717;760;14220;18601;20934;8239;2406;1397;10313;...;29312;...;7031;4091;9185;3968;1235;1624;7657;769;4045;9527;5191;1543;2111;1292;7482;6864;...;2706;7739;53903;3201;2259;11680;6647;2335
"2011";"Avril";"Suisse";1066079;...;371373;94538;65035;30103;124301;4635;34462;53588;7733;8346;15915;6929;7630;34458;9426;8224;6401;8650;1555;657;11758;5363;1082;2854;464;541;826;90877;16410;3837;14308;2877;...;4279;2560;2594;3586;4758;9161;870;9766;33742;15981;7927;2099;1899;13856;...;40750;...;7230;4093;12518;5057;1991;1904;7932;366;4671;19086;4470;608;1134;1030;10875;6520;...;2057;5860;29546;2933;1738;6978;4551;2417
"2011";"Mai";"Suisse";1013910;...;353008;88892;61644;33780;114485;5185;49061;21493;5385;8956;13084;6353;6538;31167;8464;5870;7580;8898;2745;1481;10916;8509;938;3710;463;508;1554;142784;22148;3738;19043;4227;...;5244;3856;3184;4088;4705;13518;613;9230;112157;28972;12603;2406;1503;22849;...;48402;...;6567;4779;19370;5020;1964;3410;9004;658;8018;13069;6093;710;1089;979;10608;7301;...;1946;6276;36117;4572;2394;7506;5432;2661
"2011";"Juin";"Suisse";1364328;...;497824;109487;78233;41999;163556;5647;78206;47602;9020;11317;14356;8331;8130;40087;10711;8454;7310;10550;2634;925;12374;8847;1545;3428;909;591;1856;199031;24289;5180;19116;5070;...;7151;5492;3385;4277;7218;13861;1436;13891;87587;70075;12513;3706;4463;28679;...;61988;...;9052;6738;17352;5548;2214;5171;15956;1463;11082;7630;5769;2547;1296;1850;17570;14596;...;2317;8065;34181;3375;3177;9543;5633;2355
"2011";"Juillet";"Suisse";1739900;...;531460;143691;99338;45831;182109;6136;137348;111188;8405;19381;19079;15008;12888;52875;10000;8665;6473;11672;2699;813;13629;11451;1294;3497;763;949;1556;206637;28217;6542;21171;4087;...;5169;4089;5324;4855;7410;11039;4371;22017;55826;122269;14982;12620;18571;33457;...;77170;...;10010;4145;23480;3763;1612;4820;7467;4044;11572;7160;10777;1503;1496;1556;61919;43598;...;1966;7889;40021;3332;1855;13120;7129;2068
"2011";"Août";"Suisse";1649836;...;604107;170407;145373;45725;172775;5768;111051;95140;13155;12654;12077;6563;6460;73243;10900;10658;6090;13406;2541;873;11785;10350;852;3006;1407;1529;1113;142763;20949;4329;14397;3108;...;6018;3233;2461;2967;4148;9347;723;31321;42449;81405;10080;1871;2054;21860;...;85847;...;9905;5956;21142;3383;1288;3733;5952;406;8907;4544;5760;827;1221;1490;5847;10781;...;1981;9023;44320;3284;2657;13128;5783;1822
"2011";"Septembre";"Suisse";1556197;...;495403;100740;65975;40204;152272;6260;58597;42896;7648;11553;15804;8832;7581;41653;10440;7202;6647;9384;2220;988;11502;7370;1548;3721;1007;637;1272;173393;26094;4853;19879;3956;...;5773;6104;3320;4794;5767;9976;1115;15700;34597;51886;10765;3660;9527;32078;...;67383;...;6931;7885;14761;4757;1403;3507;8635;1049;9084;5383;6833;2191;1052;1112;16481;13884;...;2181;7673;32946;2663;2285;9443;4940;2034
"2011";"Octobre";"Suisse";1346371;...;321335;87616;65831;28429;81972;4125;31751;16730;3978;8006;11228;7340;6313;31026;9089;6293;6007;8473;2214;970;11370;6120;674;2766;596;635;1104;109925;16879;3077;17077;3367;...;5976;4018;3161;4633;4561;12980;674;10207;27696;28074;11044;1760;1647;18453;...;66245;...;6394;3682;14548;4857;2077;2421;7675;730;7477;9997;5891;1221;808;879;6742;8821;...;2102;6616;28316;2770;1777;6722;4554;2735
"2011";"Novembre";"Suisse";838333;...;209485;77107;58385;24717;69976;4064;21346;15630;3279;6239;9693;4656;5008;25390;7060;6204;8396;7001;1653;734;9025;5337;891;2838;430;496;874;76608;11775;2995;10670;1940;...;4473;2840;2786;4752;3910;10238;698;7186;15561;15574;8532;2774;2118;8475;...;41034;...;4117;3604;10371;4174;1683;1465;8376;610;2659;3423;4792;762;871;811;7552;7299;...;2048;6662;30290;2577;1583;6004;5507;2150
"2011";"Décembre";"Suisse";1047683;...;303960;110736;92283;19658;118405;4416;48742;37631;10949;8034;9941;5293;5413;33258;7881;10626;5732;8049;1548;634;11117;4469;773;2673;592;951;783;78220;12108;2831;13021;1553;...;4241;3153;3294;4823;6819;9282;742;10558;12709;13423;7797;4078;1707;16974;...;35290;...;5036;6616;7840;5630;1352;1945;19000;754;2785;5490;5794;887;1221;900;4229;8989;...;1723;6752;45940;2330;1551;6323;6113;2415
"2012";"Janvier";"Suisse";1310349;...;396330;97741;80870;23545;132384;4883;62691;58782;9155;8160;14242;6185;4976;27186;7074;8001;12393;9429;1490;800;10557;5218;1753;3275;532;671;1213;79407;12357;2824;21875;2282;...;3966;2552;2525;4603;7740;9291;818;12683;10892;16230;8151;2233;1432;19564;...;40100;...;6211;2725;11337;3921;922;2141;5913;1026;3468;5182;4717;1225;1383;1176;7386;8180;...;2744;6121;100913;2268;2149;7033;11861;2401
"2012";"Février";"Suisse";1511182;...;409777;155904;74301;24917;174646;6385;101988;87115;19112;14456;24372;14818;9278;26569;8181;6065;9595;10508;2070;606;12236;5985;934;2830;372;933;977;82022;14140;3080;15952;2726;...;3839;3222;3281;5032;4347;12445;1358;10630;10302;16220;7832;3179;2674;10101;...;22393;...;3220;2081;9699;2238;939;1374;6266;1206;2286;4244;4745;1047;1078;1430;4028;8960;...;2492;6458;43518;3498;1965;8870;6143;2117
"2012";"Mars";"Suisse";1400550;...;464426;142977;87714;32047;152919;6014;66249;58536;8126;11283;31126;13253;9188;32450;9015;6120;8910;10417;1978;885;16032;6675;1632;3241;724;875;908;106898;18676;3394;13474;2383;...;4594;3697;2801;5739;5912;12608;1934;12955;17890;23628;9302;2688;1657;11696;...;38189;...;7950;4248;11574;5457;1423;2009;9889;1410;3291;7806;5981;2413;1525;1587;8239;9276;...;2318;6900;56862;3492;2534;12686;7209;2621
"2012";"Avril";"Suisse";991591;...;341614;88700;65474;27786;111326;4262;31964;47893;6239;10138;13675;6942;7356;34889;8419;4975;5879;8654;2171;667;10741;5416;990;2898;460;714;959;91670;17256;3664;14198;2592;...;3629;3120;2482;5759;4303;9451;1457;9481;34000;16890;7354;2100;1490;16752;...;46822;...;6676;5176;14389;4891;2821;2076;9847;1353;3741;19393;4904;577;1123;1104;7444;9572;...;1778;5443;34513;3097;1621;7109;4720;2482
"2012";"Mai";"Suisse";1050751;...;323953;89403;61961;30398;100372;4877;43442;20716;5377;8341;12487;6127;6473;30744;9398;5905;7061;11386;1851;807;10666;7901;1595;3671;838;552;1453;137572;23862;3858;18503;3825;...;5816;4220;2552;6525;5393;12122;791;8314;116095;32870;8927;2538;2080;25085;...;65506;...;7251;5882;16705;5663;3062;3067;12655;1331;6532;13659;5499;1663;1250;1461;11822;9631;...;2407;5984;39927;2720;2094;8605;5945;2724
"2012";"Juin";"Suisse";1293865;...;399350;93744;74773;38669;145809;5601;60070;41384;6238;10373;14229;7619;7668;38780;11274;7433;8481;10938;1859;1083;10405;7814;1079;4646;532;630;1859;194858;23876;5430;19831;4861;...;6462;5703;3756;6204;7094;13427;1496;12365;94441;75311;11447;5685;7779;30746;...;70662;...;11413;6858;17127;5425;2449;5051;16303;2721;9067;8718;6265;2696;1618;1691;42387;24650;...;2758;6625;36678;3031;2167;10776;5776;2613
"2012";"Juillet";"Suisse";1664782;...;458966;120791;95126;41429;156235;5598;108116;95084;8466;16279;17257;13905;9662;47965;10156;7596;6595;12471;2937;915;12312;10989;1565;4211;601;800;1583;200354;27061;6823;20914;4001;...;5957;4015;4334;5738;6323;10144;3566;20536;54241;132709;13812;10594;11079;30455;...;97866;...;10532;4575;22211;3522;1286;6482;9045;3287;11446;5610;8051;1776;1205;1830;46980;30638;...;1978;7176;48137;3196;1718;13009;6388;1845
"2012";"Août";"Suisse";1669983;...;529459;150980;140272;46106;153319;5660;90846;87074;12196;9928;11755;6638;6361;65489;9794;8533;7209;10992;3107;1310;12388;10640;1162;3148;772;1435;1222;173780;22534;4424;13316;3429;...;5079;3457;3312;4592;4770;10614;5036;39943;43424;87997;11514;10619;9909;21982;...;108378;...;11147;12199;19240;3328;1303;3642;7769;1948;9849;6501;6879;1585;1297;1250;26146;25973;...;2596;9214;46565;3042;3253;12363;6167;1772
"2012";"Septembre";"Suisse";1533515;...;463249;97816;71133;39352;142302;5836;49915;40321;7704;9986;15611;8957;6866;38995;9602;5278;6444;13690;2122;1357;11987;8451;1269;3184;1121;613;1502;180113;28933;4398;20154;4031;...;4956;3794;3685;5801;5583;11144;3536;16286;32698;50749;10450;5964;6898;33478;...;81530;...;8753;3984;13510;4679;1623;4794;11734;1831;8538;6775;7321;889;1116;1270;19535;16402;...;2846;7216;36898;3442;2558;8834;5606;2410
"2012";"Octobre";"Suisse";1317448;...;307173;87915;62967;28963;86579;5273;31962;20837;4678;8699;11843;9429;6440;31415;9311;5436;8405;8739;1839;635;11141;6958;949;2922;497;854;1035;119118;20180;3794;17985;3566;...;4731;4084;3364;5638;5856;11605;1881;10534;29725;29384;10291;3494;2748;20564;...;87536;...;8034;4309;17551;4707;2107;2393;9314;1304;8350;11886;5780;937;994;898;14578;8274;...;2814;6568;36126;2698;2827;6395;5921;2798
"2012";"Novembre";"Suisse";844723;...;208656;83136;66610;23822;69859;4546;20799;16244;3058;5626;9489;4002;4477;28580;9080;4847;7020;7499;1577;728;9605;6019;1105;3001;424;484;1033;74270;10944;3346;10964;2228;...;3674;3442;2751;5478;3822;9523;1770;6401;17453;14874;6448;1658;907;8565;...;44086;...;5186;3531;10881;5522;1375;1479;9570;1007;2700;4600;4658;771;726;878;6758;7574;...;2490;6074;32929;2521;2659;5676;5552;2837
"2012";"Décembre";"Suisse";1101296;...;322431;109353;90575;21243;118486;4787;58594;46672;9621;6889;11832;4815;6665;31607;8529;11334;6804;8782;1637;711;12432;4810;1068;2395;911;932;728;85116;11823;3190;14132;1350;...;4702;3116;3158;5150;8791;6966;1610;8264;13721;12895;6325;3200;1566;18942;...;40588;...;5670;8779;8243;7665;1198;2272;21665;1201;2546;6907;5816;1467;1318;1173;5758;9602;...;2998;6403;48424;2493;2384;5968;6275;2439
"2013";"Janvier";"Suisse";1307223;...;371138;102381;77906;24181;133181;5919;53191;59080;10861;8117;14444;8162;4896;26813;8725;6768;10563;9897;1625;427;13704;6009;1816;2316;713;750;1187;87473;13066;3241;20966;3009;...;4253;3206;2378;4608;8774;7985;2175;10021;10099;15133;6911;1764;1394;23990;...;28899;...;3905;2822;12613;3017;1517;2310;5697;1048;2174;4710;5477;1628;1186;1510;8044;7187;...;3022;6885;103811;3141;1984;6475;12144;2174
"2013";"Février";"Suisse";1508923;...;407889;118980;67900;27748;168707;6128;100017;81094;18241;12618;25677;15421;8785;27108;11113;4922;11116;10111;2094;735;13543;6154;1450;3589;1595;712;1030;79401;12744;2694;15128;2408;...;3398;3044;2766;4009;4372;6791;1102;10354;10689;14906;6255;2971;2279;9132;...;45374;...;6037;4672;8095;3285;768;1571;7262;1350;3062;4815;4772;1390;1086;1138;5128;6224;...;2353;5942;44130;2631;2677;7874;6505;2558
"2013";"Mars";"Suisse";1461040;...;512607;165832;84658;34696;161187;7121;63350;63599;10344;12220;29111;13408;10290;37587;12230;6076;8072;10943;2003;649;18139;7408;1214;7248;622;1133;888;104982;18024;3766;14275;3126;...;4740;3439;2799;5316;6530;9756;1535;13923;18077;19976;7181;1701;1602;9670;...;40587;...;6785;5269;10943;4263;1772;1701;8684;1890;3839;10002;4996;2275;1789;1389;8609;9208;...;3462;6703;57151;3677;2937;11282;6901;2844
"2013";"Avril";"Suisse";979388;...;268557;87572;75701;27709;112318;5028;37106;43911;4335;8081;13493;6401;6656;29246;10054;5795;8217;8217;1852;825;15997;6661;745;3538;618;936;989;102486;15827;4014;15427;3181;...;4826;3534;2678;5700;4900;10114;1093;8328;32018;21096;8416;3237;1573;15756;...;63379;...;8386;4634;15000;6457;2029;1980;10925;1461;6525;21508;5699;1434;998;1077;9687;13266;...;2039;6236;40940;3999;1831;5975;5515;3383
"2013";"Mai";"Suisse";1039819;...;327834;91194;62480;30701;109818;5519;40888;21804;6058;7844;11915;5719;6708;32700;12062;6000;7793;8457;2015;664;12657;8749;1232;2696;665;944;1742;141680;21642;3741;21186;4027;...;5110;5683;3404;6664;5584;11611;2412;9166;103023;29519;9462;3274;2735;25451;...;76696;...;7963;9582;17129;7993;2401;3382;13573;1269;7671;16229;5917;2122;1028;1229;14328;10205;...;2609;5890;49352;3153;2650;8314;6255;3324
"2013";"Juin";"Suisse";1317251;...;390609;98269;72617;37964;159911;6289;59581;52060;6634;11360;13815;8458;7754;37057;12425;6928;8953;10609;1906;1359;14701;10070;926;3620;1117;2141;1983;208269;25184;6162;18820;5162;...;7071;6801;4214;8217;6112;15078;4499;12863;102260;75948;12330;4658;8057;32684;...;91637;...;12926;7297;17270;6143;2356;4842;21173;2999;11248;8887;7238;6485;879;1289;52330;25862;...;2388;6677;36636;3400;3501;10255;7009;3050
"2013";"Juillet";"Suisse";1749728;...;473998;126436;98756;45566;182989;6033;102680;99572;8791;18690;18917;17234;7118;51353;11192;7402;8600;10296;2932;853;13292;12059;2373;4119;2047;1429;1553;219040;28210;7506;21025;4608;...;6230;5216;2771;5121;6140;10283;1944;26738;58619;133829;11514;3046;3545;37632;...;136808;...;12443;4947;24400;4562;1361;6100;10211;1516;13201;8351;6504;3212;1063;1629;16524;12803;...;2300;7353;47095;4206;2692;13691;6480;2933
"2013";"Août";"Suisse";1738214;...;551130;159135;142970;48000;175210;6171;90112;93204;12551;11323;12701;6913;5336;59727;12714;9046;8239;11758;2924;1281;13058;12664;1794;4307;947;1392;1354;166248;25062;4121;14816;3346;...;5713;3917;4737;6190;4331;8092;5899;28653;46850;84146;11169;24751;33658;25986;...;137902;...;12022;15951;20168;4507;2637;4393;10947;3301;10519;6805;8420;2416;1233;2191;70023;57509;...;2402;8188;49538;4367;3227;14841;6678;2522
"2013";"Septembre";"Suisse";1520096;...;448522;101109;71395;38938;147501;6528;50438;43849;8327;11969;15243;9189;6075;38891;11747;5310;6686;9761;2529;1034;13073;10120;598;3017;1052;848;1963;185944;27997;4495;20147;4091;...;5357;5726;3498;6969;5820;9984;2331;15085;32514;47305;10940;6562;9945;38922;...;96587;...;8963;4103;17908;6431;1665;4231;11997;2524;10190;11494;7204;2155;1035;1258;21607;20701;...;2106;6588;34725;3880;2964;9610;4676;2665
"2013";"Octobre";"Suisse";1275379;...;292825;97484;68245;27052;85679;4934;31835;19935;4572;8456;11454;7496;6541;30525;11414;6346;10067;8605;1887;1212;11745;8809;1367;2876;588;745;1170;121036;18283;3940;18284;3877;...;4905;4619;3635;6098;4130;10936;2084;9686;26528;24685;9775;4620;6238;20809;...;86949;...;9651;4953;20101;6086;2111;2780;14262;1976;8412;16671;6686;2680;816;964;20640;15415;...;2692;6902;34219;4591;2526;8272;6265;3151
"2013";"Novembre";"Suisse";881007;...;198164;88730;69144;24259;71898;3912;21414;15321;3329;6160;9578;4576;4795;26398;9509;5963;6411;8625;1715;839;10320;7729;1209;2699;439;751;876;78986;11209;2225;10794;2176;...;3807;3200;2886;5235;2759;9530;1046;7198;14957;13168;7153;2406;1645;8761;...;47067;...;4966;3472;12278;5322;1459;1446;14528;994;3453;6153;6142;1492;915;1431;6608;6078;...;2507;6891;31635;3776;2135;7024;5567;3170
"2013";"Décembre";"Suisse";1111158;...;330223;113042;88874;20653;131692;5245;59325;49936;10437;7359;10643;5081;4734;29905;9070;12300;7103;8405;1702;597;16171;7170;1024;2759;812;1338;821;89922;12941;2981;15510;1598;...;4916;3153;3230;5226;8026;7662;1558;8560;12333;11940;8127;2999;1563;22511;...;42431;...;6183;8969;12061;7903;1378;2439;24366;593;2953;8852;6270;2430;1018;1310;9300;11097;...;2507;5908;49424;3751;3191;7956;6543;2656
"2014";"Janvier";"Suisse";1328998;...;368707;101988;81784;25881;135786;5865;47829;52382;10245;8146;16228;8624;4693;24085;8938;7333;10910;8993;1722;718;15889;5640;2950;2538;1016;879;1115;86740;13675;3244;22602;2383;...;4100;3136;2772;4989;7669;6682;1377;10035;9978;13903;7740;3007;1734;27030;...;39036;...;5307;2966;20268;2835;854;2479;8005;718;3160;3762;7098;1129;1273;1560;8279;8130;...;2647;6444;104843;3828;2445;7015;13612;2254
"2014";"Février";"Suisse";1416594;...;350499;145678;74200;26111;189253;6865;89544;54996;19030;13452;28301;15266;8226;25909;8548;5935;10771;9479;1645;594;13535;4990;1260;3289;555;742;1174;84124;12611;2044;12198;2170;...;2950;2821;3107;4945;4455;7051;1043;11175;10794;13475;6882;2872;3115;9626;...;48838;...;6138;1826;12424;3811;870;1702;7712;752;2954;4085;5244;1376;1518;1376;6996;8976;...;2251;7808;44478;3551;2763;9490;5981;2432
"2014";"Mars";"Suisse";1471419;...;486655;142621;95498;32519;151274;5880;65194;88282;8505;10850;32214;14264;8059;29254;12284;7652;8238;10146;2353;653;19791;6543;1364;3887;1709;957;1253;106098;19171;3117;16854;2507;...;3623;3692;3153;6534;5017;11818;1124;13163;17665;22571;9165;2947;2012;9705;...;55334;...;7205;4773;14658;5290;1480;2121;9753;1259;4239;10777;6898;2446;1763;2038;12238;13249;...;2694;6987;55535;4609;2300;11398;6128;3020
"2014";"Avril";"Suisse";1010972;...;299104;92217;73524;27240;114958;4551;32945;44020;6395;8128;14347;6716;6264;31758;11091;5644;7612;6995;1833;1534;14645;6205;1018;2998;686;747;948;92372;15300;4125;18703;3137;...;4047;4083;2448;4867;4048;9693;2053;9721;40867;14444;7873;4220;2274;15105;...;77165;...;8758;4621;19503;6922;2962;2232;9877;1988;5106;25414;5371;1173;959;1270;12158;16211;...;2039;5891;32545;3333;2126;6814;4987;2782
"2014";"Mai";"Suisse";1097491;...;297243;95435;71185;31717;105844;5033;39328;22798;5411;7359;11878;5711;5350;32833;11256;5811;8400;9593;2305;1385;12419;7532;949;3367;1003;754;1436;147974;22433;4139;20621;4574;...;4819;4555;2795;5440;4535;11697;2350;9914;105732;26582;9141;4255;3372;24346;...;91599;...;10124;5889;24252;7958;3533;3272;12909;1409;9740;15715;5648;3466;1185;1361;18203;14559;...;2080;7021;37180;3122;2216;8917;5461;2948
"2014";"Juin";"Suisse";1309319;...;382230;98975;75034;36872;156728;6674;55943;52606;7396;8635;13438;7564;6948;37630;11288;5778;8522;10492;2288;787;14299;8392;1948;3195;1404;888;1537;215395;25034;4934;18664;4560;...;6412;5700;4092;5821;5641;13914;1873;11840;88928;62520;12294;5595;6561;31703;...;97572;...;13583;6377;23293;7380;2201;4569;18045;2797;16318;10506;7330;1959;1093;1320;36796;20965;...;2269;7223;34316;3972;2826;9788;5159;2765
"2014";"Juillet";"Suisse";1686985;...;430458;123092;101182;43380;181652;6741;95563;94004;7438;15660;20531;14723;8811;46352;10404;6730;8026;10642;2411;755;15834;11000;3026;3696;698;1695;1377;230826;28493;7829;18684;4460;...;6465;5729;3002;2832;5982;9255;1831;19731;61772;111235;13063;3854;5720;38178;...;153340;...;13360;10484;33171;5196;1795;6000;12196;1646;14767;8880;6477;1753;1401;1595;12561;17268;...;2210;8513;45056;4778;2883;15006;6002;2493
"2014";"Août";"Suisse";1719315;...;542900;154627;131736;45411;174096;6122;91336;90212;12590;9954;14715;7304;7354;63844;11418;7495;7242;12586;2312;928;17310;10577;1486;3376;1251;1746;1291;184437;23903;4615;15930;4185;...;5005;4171;5279;5188;4079;8933;6728;29476;46029;73978;13043;34353;41636;28158;...;152313;...;12376;6224;34727;3589;1405;4808;7816;6332;12578;5760;10965;1652;1463;1983;110880;103742;...;2355;8913;45672;5046;3393;15691;6507;2661
"2014";"Septembre";"Suisse";1575833;...;423538;98332;75652;40283;152770;6299;50667;41752;7924;9033;15653;8501;6295;37334;10737;6147;7181;8972;2335;835;14086;9584;973;3517;1081;993;1567;194568;27956;5431;23676;4613;...;5566;4741;4026;4857;5156;10363;1788;16649;33814;45421;11739;8449;7462;36268;...;98888;...;9270;4586;26022;6584;2324;5306;11883;1560;11917;9056;7063;1669;1318;1106;30928;20700;...;2641;6773;30798;3875;2457;9582;4828;3026
"2014";"Octobre";"Suisse";1359451;...;291847;93519;66239;27658;91669;5326;32524;18688;5193;8226;13210;6347;5925;29229;11572;6533;9001;9698;2159;724;12835;7369;1011;2960;451;997;1530;129160;18746;4385;22186;3859;...;6215;4764;3743;4437;4154;11338;1346;12567;37484;29900;11192;5644;6039;21446;...;108066;...;8248;5533;27310;5644;2413;4020;12972;1796;10088;14644;6488;1363;1308;1016;31112;17036;...;2633;7030;31087;4114;2657;7420;5043;2890
"2014";"Novembre";"Suisse";876516;...;195595;79295;64298;24394;72355;4625;21927;14737;3294;6012;9120;4661;4606;26897;9813;6402;7292;8476;1619;735;11077;5695;714;3551;606;1389;839;81288;11803;2947;13044;2217;...;3839;3491;3030;4431;3118;10855;773;7859;17510;13683;7626;3243;1445;8763;...;59976;...;5263;4515;13368;5794;1612;1489;10538;1178;3397;7764;5497;1196;1149;1021;10427;7829;...;1985;6954;29807;3353;2661;5644;4917;2615
"2014";"Décembre";"Suisse";1173242;...;325681;112103;103726;23181;141052;5305;58871;51103;11554;7040;12159;4704;6339;31989;9164;14554;7100;8971;1789;1072;12932;4584;2403;3107;1120;1865;863;91442;11723;3839;19049;1650;...;4087;3380;3427;4688;7334;8489;897;11989;14643;12182;7709;2942;1687;23776;...;52148;...;8531;11821;14193;9567;1632;2708;22725;1109;3349;11530;6509;1527;1307;1131;7918;13399;...;2163;6405;41458;3362;3182;7210;5463;2468
"2015";"Janvier";"Suisse";1337392;...;355684;101689;83633;23880;134577;5490;44141;50829;9964;7092;17269;7255;5055;25391;9371;8706;13004;9902;1731;780;13198;4640;1935;2667;548;1023;996;89377;13285;3607;31171;2685;...;3633;3103;3182;3753;8262;7520;622;11309;12272;12134;8457;2643;2743;26306;...;42182;...;3788;4215;23150;2731;1018;2661;8367;1044;3328;6290;6164;989;1303;1053;10728;9074;...;2668;7142;77698;3751;2002;6458;11724;2116
"2015";"Février";"Suisse";1541223;...;363270;144043;71783;26045;183378;7277;95463;80988;18050;12290;26937;14422;7623;25201;11370;6689;10993;10298;2105;708;14048;5423;1118;4149;564;1033;1296;85660;13503;2657;18907;2731;...;3232;3078;3229;3961;3600;9157;767;11196;12698;14481;7894;2936;2229;9525;...;80463;...;7602;2539;16611;3352;1061;1521;7756;1152;5181;4878;4610;1602;1529;1458;6742;9586;...;2413;6977;28837;4138;1972;6965;4978;2259
"2015";"Mars";"Suisse";1373686;...;409102;121061;83485;32621;152853;6740;51382;53987;6888;9140;27059;14007;7665;30196;11751;7445;9398;9876;1958;1010;15811;6172;1478;3464;548;1013;1038;119715;19235;3973;14452;3195;...;3913;3464;2871;5028;5014;13704;784;13560;21061;18698;9826;3233;2083;11075;...;69711;...;8981;5879;18966;4531;1935;1717;9655;1566;6553;20842;6536;1852;1646;1371;14602;14649;...;2210;6936;35650;4886;2372;10563;5308;2560
"2015";"Avril";"Suisse";1055142;...;266106;82299;66418;26906;104187;4676;26336;43058;5471;6487;13024;4846;7113;27378;9459;5126;7658;7654;1879;568;10531;6018;1018;2665;515;608;1086;104728;17274;3556;17115;3012;...;3853;3618;3047;3654;3861;10190;1211;9985;38588;13291;8352;4617;2736;15874;...;94068;...;11266;7222;22358;5929;3093;2144;8651;1281;6278;32759;4714;1262;1138;1037;13992;17150;...;2148;5724;20171;3931;2173;5956;4711;2388
"2015";"Mai";"Suisse";1081986;...;264576;85323;63822;30736;104560;4952;37297;19373;4537;6825;9767;4819;5824;28421;10073;5092;8885;9255;2017;837;11554;7202;615;3690;677;627;1461;153843;21621;4043;21310;4501;...;4689;5606;3191;4104;5233;13943;765;12209;139492;27814;11110;4331;5011;26458;...;124373;...;12240;8971;28668;6253;4542;3305;10301;2140;12013;18187;5623;899;878;1052;23319;14523;...;2181;6828;26479;3537;2559;6014;5067;2776
"2015";"Juin";"Suisse";1324897;...;330232;96296;68344;36618;159218;6156;46695;42420;5960;7948;12802;7758;7109;35736;10611;5444;8228;9981;2182;1042;14495;9545;884;3754;671;1270;1991;228355;27276;5141;21291;6023;...;6689;7753;3220;4253;5601;15626;1386;18872;125267;54058;13312;3615;4305;35578;...;144421;...;16616;7050;29968;7167;2932;5223;15917;1875;21540;12474;6418;1257;1338;1191;21865;15344;...;2322;6853;24753;4307;2414;9719;4879;3082
"2015";"Juillet";"Suisse";1755638;...;377588;121314;85115;38209;178437;6001;78936;85340;6809;13503;16305;12086;7265;44679;9552;5606;8429;9855;2489;976;15885;11300;1187;3907;772;1985;1537;238155;27288;7526;20930;4472;...;5571;5602;4383;3410;6396;12019;6454;26559;72577;97778;16263;16805;16466;39619;...;209729;...;19566;18468;43088;4761;2623;6361;10911;4109;19923;9091;7376;1232;1048;1418;67662;51322;...;2023;7479;31387;5285;2614;12004;5198;2070
"2015";"Août";"Suisse";1699618;...;433478;144686;118017;42179;169173;5592;64874;75567;8781;8673;12223;6792;5626;56128;10607;5539;7809;11175;2378;1072;14976;10273;1175;3859;1077;1073;1365;196583;23995;4778;15334;4120;...;4983;4736;4973;5184;4351;10579;7014;29623;55798;65548;16040;39404;40424;30424;...;214574;...;17341;3781;41409;3269;2182;4173;8911;7079;15616;6730;9255;1082;1141;1165;119360;108909;...;1903;9051;29286;4450;3535;13823;5652;2306
"2015";"Septembre";"Suisse";1540442;...;355599;92360;69742;39531;151141;6215;43764;40165;5986;9198;13752;7067;6391;37545;9480;5411;8572;10466;2126;1353;14357;8821;832;3203;1054;1095;2411;208336;28606;4757;20789;4781;...;5552;5192;4331;4957;5234;13152;2032;14154;42162;44630;13102;9131;9599;37303;...;142404;...;14525;4287;29067;6566;2891;5609;13399;3224;16025;10928;7794;1036;1230;1204;53016;25766;...;2486;6742;21163;4240;3065;10495;4669;2893
"2015";"Octobre";"Suisse";1315229;...;248701;88036;65928;30449;91071;5640;29922;16335;3766;6509;11882;6134;5954;28378;8714;5907;7268;8912;2200;932;12840;6964;1207;2979;663;759;1406;132793;18549;3588;17497;4430;...;5109;5069;3026;5311;4494;14427;710;9770;36953;23168;11892;4715;3944;20061;...;140620;...;11744;5119;32487;6039;2918;2830;10758;2195;12853;18832;6494;1161;1191;954;21891;15340;...;2352;6400;22302;4069;2335;7866;5017;2906
"2015";"Novembre";"Suisse";869733;...;184475;72692;62073;25111;76901;4900;19949;14705;3519;5650;9335;4190;4554;25131;8304;6390;8614;8027;1409;825;11361;5410;865;2797;711;666;951;86376;11631;3373;12082;2808;...;4104;3545;3389;4669;4115;14599;837;7875;18647;13001;9693;3986;2513;9863;...;65056;...;7137;4323;17781;7594;2491;1600;10421;1530;4698;7111;5565;900;1092;891;12168;10209;...;2319;6153;22009;3387;2259;6800;4158;2855
"2015";"Décembre";"Suisse";1157195;...;264369;104648;98553;20950;134961;4782;45072;43434;9684;5919;10388;4364;5203;31860;8961;12217;7197;10335;1563;566;11095;5112;949;2769;1179;1265;982;94917;11955;3322;14361;1681;...;4742;3037;2810;4157;7082;9949;1064;9571;16409;10183;7448;4872;2356;23742;...;50833;...;9860;7895;13469;9195;2547;2402;22165;1226;4384;11560;7185;829;1014;1108;9954;15864;...;2447;5637;29529;2825;2553;6576;5910;2435
"2016";"Janvier";"Suisse";1268292;...;303728;93015;77882;22954;129648;5220;35185;43258;8322;7611;13673;5654;5198;25477;8039;9164;12856;9128;1594;564;13069;4690;896;2732;625;1171;926;97464;12951;3511;21984;3184;...;4113;3228;2901;3365;6625;8918;777;8744;12749;11500;7279;4233;2228;25755;...;43311;0;5680;3727;20733;2776;1302;3325;7921;1021;3032;6713;6545;1874;1134;1215;11358;11642;...;2584;6496;55475;3028;2507;6643;10196;2459
"2016";"Février";"Suisse";1588153;...;331588;139009;72583;25871;187481;6756;74760;69503;14826;11522;19401;12238;6964;26007;9647;6775;11442;10973;2043;1010;13946;5114;1325;3551;1253;770;970;91387;14183;2322;15602;3222;...;3485;3217;2962;4280;3514;10426;1060;11006;13404;13359;6549;4180;2161;10192;...;64683;0;9262;2530;17734;3449;1747;1797;8382;1178;6355;8294;6748;1947;1164;1299;7240;12487;...;2379;7151;26317;3514;2015;8180;4795;2387
"2016";"Mars";"Suisse";1503769;...;417301;124275;89847;33159;168455;6518;58954;60134;8422;9721;26153;11334;8522;35386;11450;7645;9307;10635;2207;1123;17576;6274;1103;3462;1150;908;1056;118465;17231;4082;12240;3178;...;4409;3342;2788;4708;5648;12803;685;14112;24814;18071;9019;6256;2656;11312;...;64521;0;11427;5588;17690;4574;2544;2384;9699;1693;5449;14806;8738;1858;1681;1488;14575;20012;...;1970;7688;30531;4417;2700;10275;5298;2942
"2016";"Avril";"Suisse";1018151;...;225208;84761;66547;27887;103972;4746;30801;28005;4456;6564;12568;6297;6183;24509;10011;6122;8200;8451;1901;543;14320;6349;1032;3453;665;621;1248;115519;15640;3079;14234;3400;...;3887;2951;3086;4124;3059;11444;899;10914;40529;14364;9431;5477;2336;15787;...;81851;0;8107;7258;23529;5754;3002;2398;9537;1288;7167;32064;6376;1189;815;1077;15810;19177;...;2479;7125;19545;4070;2185;6361;4013;2679
"2016";"Mai";"Suisse";1107246;...;265565;85999;59005;32875;116338;6003;37153;21433;5356;7763;10718;6243;5799;31768;10810;6217;10541;8918;1996;1049;12778;7641;1443;3282;896;1365;1631;158668;20668;4085;19138;5538;...;5042;4404;3455;5044;4855;13170;986;10445;134390;22125;11403;4706;4431;25724;...;104811;0;12600;8773;30990;6454;3521;4303;11589;2380;13964;23529;5977;1254;937;1138;29507;20122;...;2492;6698;23228;3626;2264;7210;4836;2540
"2016";"Juin";"Suisse";1287492;...;308045;92464;73509;37090;158478;6346;49162;41355;6191;9994;12835;7693;6709;35383;10823;6543;10414;11798;2407;1609;14969;9402;1423;3608;1253;1039;2168;246959;26044;6678;18366;6245;...;7165;6688;2772;4165;5152;15402;713;16358;111870;49699;13803;2037;1880;35158;...;118603;0;19034;6421;36701;5848;3975;4408;16867;1175;26486;14378;6304;1162;1211;1330;6610;11736;...;2473;7307;21813;4687;2436;9240;4860;2801
"2016";"Juillet";"Suisse";1788122;...;365504;117457;75989;42192;172384;5953;79612;91159;7458;16406;18521;13503;8866;47415;11786;6535;9105;11701;2953;1077;15277;10628;1278;3559;1099;1360;1660;252440;24710;7169;16202;5358;...;5475;5068;4426;4160;5619;8981;4273;22279;71580;86831;17367;16324;16170;38538;...;162410;0;19904;13672;46270;5061;2217;5735;10751;6397;20198;12875;9237;1805;933;1324;77594;67578;...;2011;8798;27829;4645;2484;12946;4236;2292
"2016";"Août";"Suisse";1733097;...;441145;140552;117711;45864;165447;6411;79614;74384;10998;8597;11270;6035;5124;64651;10713;7147;7825;11307;2902;1360;16386;9635;2199;3457;1128;1503;1295;198368;25094;4399;14822;4181;...;4755;4712;4120;5519;3594;10006;5965;33593;56689;60696;17963;33193;31798;28850;...;159605;0;16446;3186;45282;3069;1978;3849;8012;5336;15275;8444;10059;1486;1315;1254;121437;89951;...;2210;8424;24632;4577;2782;13853;5276;2051
"2016";"Septembre";"Suisse";1561765;...;347723;92123;67605;40120;144524;6295;46628;37142;7402;8641;14780;8082;6395;34165;10502;5209;10528;11057;2734;1306;14230;8167;1038;3240;1404;1073;1507;222278;27821;4741;19084;5239;...;5891;4450;4264;4661;4604;11162;2905;17523;49482;38336;15311;11773;15706;37089;...;107569;0;14768;4565;36619;6374;3217;4197;11940;3099;24110;10891;8512;1256;941;1117;64638;36398;...;2628;7836;21085;4463;2308;9312;4048;2612
"2016";"Octobre";"Suisse";1381511;...;254374;92070;69715;31576;86874;5618;32186;17461;4608;8250;11702;7416;6158;29014;10176;7579;8218;12837;2135;923;11773;7003;822;2847;678;1327;1351;138310;19295;4340;18867;4318;...;5792;4601;2980;4053;4289;13254;1602;13080;39624;21188;13514;3672;4444;21010;...;109828;0;12050;6495;30249;6547;3306;3110;10247;1826;14581;24482;6832;1006;962;1022;19723;15582;...;2781;7913;20814;3764;2437;7021;4702;2904
"2016";"Novembre";"Suisse";876023;...;189156;77383;58673;25112;72553;5126;22352;16955;4065;5978;9185;5459;4709;26269;8658;6749;8888;9736;1506;537;11981;5656;786;2736;848;910;917;86766;11141;3245;13449;2481;...;4265;4064;2219;3840;2885;9399;566;7913;23887;12320;8898;2345;1415;9475;...;60315;0;6781;5914;17961;4744;2247;1836;9437;1105;6617;10668;5237;812;805;1004;14190;9778;...;2507;6647;20898;3732;2385;6339;4486;2729
"2016";"Décembre";"Suisse";1130940;...;254416;105499;90761;20384;127078;5519;37952;37771;8047;5543;10152;4234;5128;38034;10675;12381;8564;9483;1734;596;11224;5543;833;2665;1261;1378;854;107876;12395;4402;17352;1842;...;4473;3507;2334;3804;5411;8213;1177;11878;20044;12564;8371;3026;2500;24673;...;53418;0;10993;10645;15715;9694;2609;2852;22562;1277;5359;13785;5845;1197;1388;1086;12504;15488;...;2037;6242;31447;3108;1908;6280;5722;2174
"2017";"Janvier";"Suisse";1335581;...;304041;88785;74251;23473;128276;6114;43554;56178;9647;7324;12977;5710;4379;27001;8050;8383;12858;9026;1935;508;12994;4694;1709;2685;1030;1969;1127;103837;13022;3441;26754;3421;...;3987;3647;2322;3337;5625;7825;768;10732;13771;13265;8380;3342;2575;28920;...;65558;...;8614;5325;25476;3618;1633;3007;8488;860;6057;7355;4733;1614;1577;1055;13482;10250;...;2094;6733;55685;3330;2041;5760;9819;2349
"2017";"Février";"Suisse";1587284;...;303488;136475;65563;31400;174065;6842;70962;66927;15351;12727;22391;13891;7186;26545;10588;6662;8727;10819;2971;826;13474;5174;1491;2865;1366;1088;1176;99908;14506;2818;17976;3315;...;3644;2766;2956;4000;3007;8596;1221;9636;14187;13522;6831;2688;2261;12299;...;65257;...;6581;3603;21553;3035;2067;1563;7467;1026;5639;6989;5385;1633;1090;1197;8083;11858;...;2169;6801;30388;3751;2900;7385;4675;2558
"2017";"Mars";"Suisse";1503850;...;379588;111068;81208;31184;154704;7078;61772;72645;6954;8891;26222;13789;7970;31053;11851;7032;9798;10318;2160;988;20102;7037;1279;3565;1115;977;1385;132149;19104;3531;17788;3683;...;4160;3932;2814;4592;5166;11582;767;13929;26053;20581;11423;3554;2737;13005;...;70182;...;9219;6729;23588;5590;1850;1990;10581;2169;7724;18995;8631;1911;1747;1367;13822;21440;...;2076;7299;33636;4757;2900;11700;5755;2851
"2017";"Avril";"Suisse";1139880;...;276695;85442;70276;28634;107730;5187;31157;44316;6278;6837;11927;5232;6548;33658;13305;5164;8408;8429;1935;986;13254;6374;1738;3028;947;521;1253;120619;15388;4063;16270;4269;...;4539;3797;2343;3518;4463;10277;1083;10875;52344;14141;11036;6086;3164;16072;...;88103;...;12436;9318;35880;6677;4657;2488;9910;2036;8377;42586;5801;1513;920;899;18019;20812;...;2431;5884;20466;3420;2248;6474;3456;2671
"2017";"Mai";"Suisse";1139281;...;258409;86788;63306;31790;108750;5662;36188;20662;4583;7185;10876;5202;6435;31230;10753;5913;10659;9182;2516;965;13632;7424;1295;3336;873;813;2182;187866;22899;3920;23115;5877;...;5805;4543;2529;4150;4771;11607;1080;11341;168669;28018;13162;4894;4083;28720;...;118255;...;14294;7399;45864;6940;5078;3980;13466;2842;22394;28085;7349;1202;1128;1623;16851;16698;...;2510;7347;24899;3651;2233;7575;4606;2558
"2017";"Juin";"Suisse";1416422;...;332041;92868;73954;37425;155293;7439;50587;41742;7167;9894;12490;7566;8460;39324;11755;6367;11376;10634;2258;1368;15027;9196;1394;3569;1373;1405;2607;274291;27259;6582;23139;6979;...;8404;6726;2285;3888;5622;14069;766;18311;142723;56851;16002;3305;2684;39864;...;131795;...;19282;15172;47237;6759;3833;4941;19463;1818;31959;20503;7377;1319;1073;1486;12178;15509;...;2502;6587;24835;4489;2581;9888;4873;2621
"2017";"Juillet";"Suisse";1839883;...;373745;119025;76015;41602;168306;7424;83000;88295;6757;17845;18787;15966;7909;49936;11183;7288;10270;11227;3001;1194;17562;10248;1203;3120;1102;1954;2299;287607;28871;8241;23528;6094;...;7088;6707;4813;4869;5661;11995;4304;26976;93077;96702;21094;11388;18041;46058;...;179845;...;19416;8610;54013;5914;3225;5872;11798;6879;27169;15987;12608;1381;1182;1370;80811;72930;...;2128;7775;31825;5316;3128;12807;5579;2255
"2017";"Août";"Suisse";1752321;...;442255;149520;121198;46093;167435;7176;84017;85481;11539;10036;12377;7440;5851;70252;11655;7643;8977;12177;2550;1336;16884;10838;928;3721;1615;1608;1885;226162;28962;5789;17192;5575;...;6216;4714;4095;4453;3487;9061;6994;39396;69694;68730;18199;19637;35396;33271;...;170051;...;18618;3426;57272;4286;3286;4792;8757;5992;23294;11664;11109;1429;997;1456;108817;96374;...;2708;8967;28898;5247;2978;14250;6023;2494
"2017";"Septembre";"Suisse";1613958;...;359992;96844;71156;49765;151762;7063;49586;35079;7153;10958;15945;8361;7053;42353;12315;6432;10301;9745;2404;1280;16137;8273;1987;3855;1182;1117;2346;243909;31200;6222;24028;6290;...;6894;5719;4047;4937;4860;11758;1839;19937;60086;42555;17206;10250;8614;41522;...;120628;...;13965;6997;46380;6544;3728;5038;12639;2780;27005;16512;11254;1099;936;1328;46340;32487;...;2400;8222;23090;5700;2748;8216;4614;2693
"2017";"Octobre";"Suisse";1473619;...;258534;94698;65693;38401;95724;7235;31312;18674;4207;7871;11711;8082;5688;31954;10208;5837;8016;10205;2470;866;13439;7768;993;3246;856;794;1739;157482;20767;4708;20570;4683;...;6626;5092;2831;4324;3824;13580;1070;11148;52963;24584;14226;4768;3469;23360;...;133328;...;11191;6096;56335;7008;3441;3245;12469;1884;23458;23286;7076;1076;984;1344;15728;19653;...;2590;7398;22493;4353;2238;6847;5137;2422
"2017";"Novembre";"Suisse";915464;...;188389;79704;63519;24989;77631;7175;21142;18176;3644;5938;9266;4827;4753;28401;10008;6385;8044;9852;1698;513;13761;5139;887;2969;858;968;1222;94250;12851;3560;13242;2963;...;5082;3991;2248;4157;2971;10886;547;9081;22271;15636;10540;3894;1689;11620;...;71206;...;6427;5000;23920;5156;2545;1454;10775;931;6750;10769;6225;753;833;1352;8758;13529;...;2090;7096;21681;3770;1868;5545;5815;2289
"2017";"Décembre";"Suisse";1202332;...;267957;103185;101207;20285;125993;6873;42558;39398;10906;6067;10962;4629;5585;42770;11919;13614;8507;10549;2114;651;13519;4117;1477;3553;1671;1392;1041;118300;12935;4769;21252;2156;...;4464;4238;2460;4130;6247;8908;767;11159;23347;13673;10444;4692;2864;28932;...;65008;...;11443;14438;19694;12307;3429;2700;22491;619;6806;15951;7596;1558;1571;1448;7703;20719;...;2360;7876;34276;3281;1968;6392;6910;2514
"2018";"Janvier";"Suisse";1420105;...;314638;102648;75988;23646;129244;7375;44494;57685;7920;7910;16454;7137;5552;28983;10393;8608;12330;10570;1953;739;17686;5777;1554;2796;1026;1737;1281;112313;15085;4681;32563;4909;...;5092;3852;2474;3639;6094;7099;906;9922;15194;14888;9263;4808;2300;33259;...;50717;...;6642;6381;28003;3983;1670;2841;9038;633;3969;8883;5478;1187;1310;2309;10355;16937;...;2192;7918;60481;3681;2506;6474;10942;2490
"2018";"Février";"Suisse";1636734;...;335192;126877;65781;24735;179631;9075;74484;70376;15741;14146;23515;13470;7737;27281;11200;6740;8578;11743;2468;1158;16738;5425;1445;3298;1496;1272;1363;103998;14633;3414;22584;4554;...;3875;3496;2538;3828;2675;9360;686;12132;16102;14784;8751;4029;2307;13656;...;86596;...;10017;3181;20651;4947;1760;1740;8786;580;7011;8224;5781;1987;1410;1991;6569;14998;...;2275;7334;30701;3523;2449;8523;5699;2441
"2018";"Mars";"Suisse";1553122;...;423703;126666;80377;32898;170299;8851;59721;67528;7323;10621;30953;12510;10123;39366;13284;7010;10257;13244;2354;1092;22870;8276;1355;3589;1433;1268;1067;133886;19041;4578;14919;3799;...;5031;4848;4177;5026;5316;11884;976;16027;32403;20977;12539;6185;3080;12412;...;70289;...;10515;7405;25100;5530;3222;2011;11633;1798;8633;19787;9310;2439;2152;1832;10274;23793;...;2325;7881;35601;4540;2713;11948;6198;2878
"2018";"Avril";"Suisse";1138424;...;250820;88600;71171;27630;109628;6196;32431;46004;6584;7084;13856;5586;5926;32558;11655;6475;8280;11134;2173;883;15741;6466;1621;3276;986;950;1354;127898;14921;4028;17736;4762;...;4769;4439;2664;3999;4431;10934;731;12980;56268;15753;12645;5744;3679;18354;...;92511;...;10893;10897;36001;8482;3685;2893;10777;1611;11533;45016;6085;935;1233;1240;15260;22249;...;2752;7616;24136;3421;2471;6925;5308;2654
"2018";"Mai";"Suisse";1167780;...;281486;86446;63736;30991;111331;7840;40145;20960;6273;8335;11813;5870;6377;35408;10696;5854;8567;10307;2430;1385;16312;7900;1315;3187;914;866;2002;193966;22706;5451;22563;6873;...;5920;5505;1901;3687;5054;11382;853;11073;189027;24470;11663;4287;2311;28793;...;118172;...;13407;7082;47251;6053;4571;3605;14431;1377;21861;31331;6178;1142;963;1130;11234;14636;...;2175;7597;23871;3501;2282;8368;6139;2395
"2018";"Juin";"Suisse";1472449;...;332115;97136;72477;38427;160989;8031;51693;44901;6267;9103;14087;7807;8171;41753;11814;6172;8062;13495;2267;1580;16168;9631;1495;3716;1032;1964;2424;304054;28472;7076;20288;6245;...;8140;7499;3048;4068;5928;13440;1551;19269;156298;52537;16776;7301;4592;41199;...;147267;...;19897;19293;52386;7733;4200;5210;20266;2664;40545;20249;8066;1577;1376;1397;26225;22418;...;2659;8001;23824;4417;2369;10060;5661;2733
"2018";"Juillet";"Suisse";1859775;...;401671;119071;73642;41094;169437;8234;85112;97190;7679;20524;20302;15618;7813;53913;10318;7045;8624;14604;3427;1227;16610;11174;1604;3756;1467;1845;2394;317038;33303;10403;22637;5787;...;7546;7001;4573;4875;6093;11343;3952;36262;97520;86598;19492;20231;17982;47033;...;180223;...;21629;6120;59822;5874;3124;5587;11507;6521;29924;17804;11044;1623;1349;1551;88004;73213;...;2138;9161;29951;4458;2585;16112;6816;2009
"2018";"Août";"Suisse";1823955;...;451440;156781;121221;44854;175012;8445;88286;85647;11902;10667;13914;6921;6001;76591;11220;8170;8908;13724;2920;1808;17113;12991;1264;3697;1534;1998;1825;269638;33321;5850;16614;5446;...;6192;5565;4087;4747;4263;9930;6623;42753;79387;61656;19140;31124;35777;36144;...;189111;...;17352;3381;57872;5118;2951;5737;10729;5757;26629;13575;10905;1197;1152;2218;107848;95271;...;2844;10385;30776;4813;3031;14381;6471;2064
"2018";"Septembre";"Suisse";1693231;...;367574;97274;68002;42338;154897;8204;52752;39246;6762;10421;15951;9918;7499;45250;11066;5938;7430;11743;2332;1776;15218;9691;1414;3704;1386;1023;2595;279470;36283;6000;20776;5898;...;6793;6392;3486;4536;4749;11646;1413;19457;61419;40300;15962;7070;5868;44892;...;147396;...;15777;6963;48014;8059;4907;5468;12753;2705;26780;16695;7912;1119;1197;1438;28921;25215;...;2503;7986;22027;3654;2829;9916;5279;2345
"2018";"Octobre";"Suisse";1473123;...;253326;91500;64359;29961;90480;6668;36203;19845;4557;8706;12188;6770;6524;33625;10215;6143;7198;11600;2320;751;13119;7302;1515;3386;1016;746;1905;174962;25502;5116;18944;4103;...;6937;6475;3292;4785;4177;13711;1405;11738;54116;23998;16573;6206;3589;25206;...;139247;...;11924;7085;41647;7580;3945;3532;11826;2087;20835;33143;7248;878;964;1264;17461;18596;...;2632;7677;21294;4006;2962;6719;5581;2696
"2018";"Novembre";"Suisse";943648;...;191021;83107;67796;23560;71494;6604;22226;17950;3817;5823;9145;4660;4907;30686;9976;6924;7022;10030;1982;789;11869;6178;1021;2836;954;1479;1139;100911;13355;3844;12885;2449;...;5334;5418;2988;4579;2764;10685;442;7366;28534;14128;11494;4292;2062;11272;...;70227;...;6026;5466;20503;6873;3007;1647;11893;1060;6148;13383;6370;912;1696;1284;11237;12989;...;2404;7274;21202;3181;2409;6874;5709;2210
"2018";"Décembre";"Suisse";1230695;...;288910;109751;95262;19933;129876;7116;45416;42922;9729;7693;10027;4260;5501;41319;12456;14987;8008;10773;2018;688;12415;4393;1154;3263;1631;2160;1109;134567;14337;5080;19543;1859;...;4990;4817;2730;4883;7090;8937;1527;11533;23672;12496;9980;6419;3424;32974;...;67763;...;11943;13981;19000;13841;3584;3084;26968;595;7862;18075;6602;1515;1390;1556;9101;20335;...;2511;7700;33053;3130;1831;8281;6988;2086
"2019";"Janvier";"Suisse";1400010;...;302070;98435;73368;22749;128034;7601;42256;55410;9721;7446;13186;6521;4558;26697;9986;8850;11302;10994;1927;850;16741;5751;1273;2490;1417;1978;...;123436;14664;4559;31948;3807;...;6968;3842;2382;3559;6071;8296;847;9653;15482;15281;8263;5061;2642;33931;...;58660;...;6840;5852;23452;3760;1641;3100;9713;686;5820;9860;5969;1028;1689;2033;8712;16127;...;2424;7526;56319;3084;2259;6518;10890;2475
"2019";"Février";"Suisse";1585344;...;299499;126393;66269;25662;182301;8520;72535;59148;18380;14628;22368;12628;8584;28226;10203;6921;8099;11643;2291;1336;17261;5520;1170;2741;1137;1496;...;117865;14222;3134;14821;3503;...;5456;3779;2927;3867;3857;9188;947;10773;21683;14729;9349;4327;3294;12328;...;81070;...;11784;5126;21284;5033;1411;2018;8834;776;8714;10212;6537;2236;1169;1907;6432;13675;...;2154;7345;28714;3025;2294;8615;6078;2708
"2019";"Mars";"Suisse";1586934;...;422836;127357;81616;31696;151061;7724;60475;86788;7601;10270;25909;11506;7863;33276;14317;8799;8651;12033;2635;1096;20849;8312;1365;3733;1374;1334;...;148133;18872;4074;19889;3476;...;5646;4285;3261;5423;6783;10928;1300;14822;31459;20171;10422;5423;2659;12188;...;73831;...;9396;6752;22577;6252;2087;2747;11812;1368;9753;18349;7963;1967;1738;1871;11337;19198;...;3076;7972;34219;4283;2512;11699;6521;2459
"2019";"Avril";"Suisse";1153250;...;272416;91808;71154;26734;114314;6006;34131;44188;7164;7502;12737;6402;6769;36284;12131;5236;6956;9740;2008;1194;16345;7017;1321;3154;910;902;...;139010;15983;5616;18441;3742;...;5684;5562;2554;4558;3927;9640;1226;11384;63016;15961;13746;7540;4052;20232;...;97348;...;13648;12916;32714;8347;4719;2741;12082;2476;12292;42197;6287;1057;1150;1127;15116;25699;...;2459;7411;21938;3529;2130;7038;4930;2500
"2019";"Mai";"Suisse";...;...;...;...;...;...;...;...;...;...;...;...;...;...;...;...;...;...;...;...;...;...;...;...;...;...;...;...;...;...;...;...;...;...;...;...;...;...;...;...;...;...;...;...;...;...;...;...;...;...;...;...;...;...;...;...;...;...;...;...;...;...;...;...;...;...;...;...;...;...;...;...;...;...;...;...;...
"2019";"Juin";"Suisse";...;...;...;...;...;...;...;...;...;...;...;...;...;...;...;...;...;...;...;...;...;...;...;...;...;...;...;...;...;...;...;...;...;...;...;...;...;...;...;...;...;...;...;...;...;...;...;...;...;...;...;...;...;...;...;...;...;...;...;...;...;...;...;...;...;...;...;...;...;...;...;...;...;...;...;...;...
"2019";"Juillet";"Suisse";...;...;...;...;...;...;...;...;...;...;...;...;...;...;...;...;...;...;...;...;...;...;...;...;...;...;...;...;...;...;...;...;...;...;...;...;...;...;...;...;...;...;...;...;...;...;...;...;...;...;...;...;...;...;...;...;...;...;...;...;...;...;...;...;...;...;...;...;...;...;...;...;...;...;...;...;...
"2019";"Août";"Suisse";...;...;...;...;...;...;...;...;...;...;...;...;...;...;...;...;...;...;...;...;...;...;...;...;...;...;...;...;...;...;...;...;...;...;...;...;...;...;...;...;...;...;...;...;...;...;...;...;...;...;...;...;...;...;...;...;...;...;...;...;...;...;...;...;...;...;...;...;...;...;...;...;...;...;...;...;...
"2019";"Septembre";"Suisse";...;...;...;...;...;...;...;...;...;...;...;...;...;...;...;...;...;...;...;...;...;...;...;...;...;...;...;...;...;...;...;...;...;...;...;...;...;...;...;...;...;...;...;...;...;...;...;...;...;...;...;...;...;...;...;...;...;...;...;...;...;...;...;...;...;...;...;...;...;...;...;...;...;...;...;...;...
"2019";"Octobre";"Suisse";...;...;...;...;...;...;...;...;...;...;...;...;...;...;...;...;...;...;...;...;...;...;...;...;...;...;...;...;...;...;...;...;...;...;...;...;...;...;...;...;...;...;...;...;...;...;...;...;...;...;...;...;...;...;...;...;...;...;...;...;...;...;...;...;...;...;...;...;...;...;...;...;...;...;...;...;...
"2019";"Novembre";"Suisse";...;...;...;...;...;...;...;...;...;...;...;...;...;...;...;...;...;...;...;...;...;...;...;...;...;...;...;...;...;...;...;...;...;...;...;...;...;...;...;...;...;...;...;...;...;...;...;...;...;...;...;...;...;...;...;...;...;...;...;...;...;...;...;...;...;...;...;...;...;...;...;...;...;...;...;...;...
"2019";"Décembre";"Suisse";...;...;...;...;...;...;...;...;...;...;...;...;...;...;...;...;...;...;...;...;...;...;...;...;...;...;...;...;...;...;...;...;...;...;...;...;...;...;...;...;...;...;...;...;...;...;...;...;...;...;...;...;...;...;...;...;...;...;...;...;...;...;...;...;...;...;...;...;...;...;...;...;...;...;...;...;...
